Date,LP_95,LP_92,LAD,LSD,LK,LIK,FUR_800,FUR_1500_High,FUR_1500_Low,Crude_Oil_USD,Exchange Rate,GDP_USD_Billions,GDP_Growth_Pct,Inflation_Rate
2010-01-01,133.0,115.0,73.0,88.3,51.0,56.0,32.9,32.7,32.7,72.85,113.6975,58.64,8.02,6.22
2010-01-02,133.0,115.0,73.0,88.3,51.0,56.0,32.9,32.7,32.7,72.85,113.6975,58.64,8.02,6.22
2010-01-03,133.0,115.0,73.0,88.3,51.0,56.0,32.9,32.7,32.7,72.85,113.6975,58.64,8.02,6.22
2010-01-04,133.0,115.0,73.0,88.3,51.0,56.0,32.9,32.7,32.7,72.85,113.6975,58.64,8.02,6.22
2010-01-05,133.0,115.0,73.0,88.3,51.0,56.0,32.9,32.7,32.7,72.85,113.6975,58.64,8.02,6.22
2010-01-06,133.0,115.0,73.0,88.3,51.0,56.0,32.9,32.7,32.7,72.85,113.6975,58.64,8.02,6.22
2010-01-07,133.0,115.0,73.0,88.3,51.0,56.0,32.9,32.7,32.7,72.85,113.6975,58.64,8.02,6.22
2010-01-08,133.0,115.0,73.0,88.3,51.0,56.0,32.9,32.7,32.7,72.85,113.6975,58.64,8.02,6.22
2010-01-09,133.0,115.0,73.0,88.3,51.0,56.0,32.9,32.7,32.7,72.85,113.6975,58.64,8.02,6.22
2010-01-10,133.0,115.0,73.0,88.3,51.0,56.0,32.9,32.7,32.7,72.85,113.6975,58.64,8.02,6.22
2010-01-11,133.0,115.0,73.0,88.3,51.0,56.0,32.9,32.7,32.7,72.85,113.6975,58.64,8.02,6.22
2010-01-12,133.0,115.0,73.0,88.3,51.0,56.0,32.9,32.7,32.7,72.85,113.6975,58.64,8.02,6.22
2010-01-13,133.0,115.0,73.0,88.3,51.0,56.0,32.9,32.7,32.7,72.85,113.6975,58.64,8.02,6.22
2010-01-14,133.0,115.0,73.0,88.3,51.0,56.0,32.9,32.7,32.7,72.85,113.6975,58.64,8.02,6.22
2010-01-15,133.0,115.0,73.0,88.3,51.0,56.0,32.9,32.7,32.7,72.85,113.6975,58.64,8.02,6.22
2010-01-16,133.0,115.0,73.0,88.3,51.0,56.0,32.9,32.7,32.7,72.85,113.6975,58.64,8.02,6.22
2010-01-17,133.0,115.0,73.0,88.3,51.0,56.0,32.9,32.7,32.7,72.85,113.6975,58.64,8.02,6.22
2010-01-18,133.0,115.0,73.0,88.3,51.0,56.0,32.9,32.7,32.7,72.85,113.6975,58.64,8.02,6.22
2010-01-19,133.0,115.0,73.0,88.3,51.0,56.0,32.9,32.7,32.7,72.85,113.6975,58.64,8.02,6.22
2010-01-20,133.0,115.0,73.0,88.3,51.0,56.0,32.9,32.7,32.7,72.85,113.6975,58.64,8.02,6.22
2010-01-21,133.0,115.0,73.0,88.3,51.0,56.0,32.9,32.7,32.7,72.85,113.6975,58.64,8.02,6.22
2010-01-22,133.0,115.0,73.0,88.3,51.0,56.0,32.9,32.7,32.7,72.85,113.6975,58.64,8.02,6.22
2010-01-23,133.0,115.0,73.0,88.3,51.0,56.0,32.9,32.7,32.7,72.85,113.6975,58.64,8.02,6.22
2010-01-24,133.0,115.0,73.0,88.3,51.0,56.0,32.9,32.7,32.7,72.85,113.6975,58.64,8.02,6.22
2010-01-25,133.0,115.0,73.0,88.3,51.0,56.0,32.9,32.7,32.7,72.85,113.6975,58.64,8.02,6.22
2010-01-26,133.0,115.0,73.0,88.3,51.0,56.0,32.9,32.7,32.7,72.85,113.6975,58.64,8.02,6.22
2010-01-27,133.0,115.0,73.0,88.3,51.0,56.0,32.9,32.7,32.7,72.85,113.6975,58.64,8.02,6.22
2010-01-28,133.0,115.0,73.0,88.3,51.0,56.0,32.9,32.7,32.7,72.85,113.6975,58.64,8.02,6.22
2010-01-29,133.0,115.0,73.0,88.3,51.0,56.0,32.9,32.7,32.7,72.85,113.6975,58.64,8.02,6.22
2010-01-30,133.0,115.0,73.0,88.3,51.0,56.0,32.9,32.7,32.7,72.85,113.6975,58.64,8.02,6.22
2010-01-31,133.0,115.0,73.0,88.3,51.0,56.0,32.9,32.7,32.7,72.85,113.6975,58.64,8.02,6.22
2010-02-01,133.0,115.0,73.0,88.3,51.0,56.0,32.9,32.7,32.7,79.72,113.6975,58.64,8.02,6.22
2010-02-02,133.0,115.0,73.0,88.3,51.0,56.0,32.9,32.7,32.7,79.72,113.6975,58.64,8.02,6.22
2010-02-03,133.0,115.0,73.0,88.3,51.0,56.0,32.9,32.7,32.7,79.72,113.6975,58.64,8.02,6.22
2010-02-04,133.0,115.0,73.0,88.3,51.0,56.0,32.9,32.7,32.7,79.72,113.6975,58.64,8.02,6.22
2010-02-05,133.0,115.0,73.0,88.3,51.0,56.0,32.9,32.7,32.7,79.72,113.6975,58.64,8.02,6.22
2010-02-06,133.0,115.0,73.0,88.3,51.0,56.0,32.9,32.7,32.7,79.72,113.6975,58.64,8.02,6.22
2010-02-07,133.0,115.0,73.0,88.3,51.0,56.0,32.9,32.7,32.7,79.72,113.6975,58.64,8.02,6.22
2010-02-08,133.0,115.0,73.0,88.3,51.0,56.0,32.9,32.7,32.7,79.72,113.6975,58.64,8.02,6.22
2010-02-09,133.0,115.0,73.0,88.3,51.0,56.0,32.9,32.7,32.7,79.72,113.6975,58.64,8.02,6.22
2010-02-10,133.0,115.0,73.0,88.3,51.0,56.0,32.9,32.7,32.7,79.72,113.6975,58.64,8.02,6.22
2010-02-11,133.0,115.0,73.0,88.3,51.0,56.0,32.9,32.7,32.7,79.72,113.6975,58.64,8.02,6.22
2010-02-12,133.0,115.0,73.0,88.3,51.0,56.0,32.9,32.7,32.7,79.72,113.6975,58.64,8.02,6.22
2010-02-13,133.0,115.0,73.0,88.3,51.0,56.0,32.9,32.7,32.7,79.72,113.6975,58.64,8.02,6.22
2010-02-14,133.0,115.0,73.0,88.3,51.0,56.0,32.9,32.7,32.7,79.72,113.6975,58.64,8.02,6.22
2010-02-15,133.0,115.0,73.0,88.3,51.0,56.0,32.9,32.7,32.7,79.72,113.6975,58.64,8.02,6.22
2010-02-16,133.0,115.0,73.0,88.3,51.0,56.0,32.9,32.7,32.7,79.72,113.6975,58.64,8.02,6.22
2010-02-17,133.0,115.0,73.0,88.3,51.0,56.0,32.9,32.7,32.7,79.72,113.6975,58.64,8.02,6.22
2010-02-18,133.0,115.0,73.0,88.3,51.0,56.0,32.9,32.7,32.7,79.72,113.6975,58.64,8.02,6.22
2010-02-19,133.0,115.0,73.0,88.3,51.0,56.0,32.9,32.7,32.7,79.72,113.6975,58.64,8.02,6.22
2010-02-20,133.0,115.0,73.0,88.3,51.0,56.0,32.9,32.7,32.7,79.72,113.6975,58.64,8.02,6.22
2010-02-21,133.0,115.0,73.0,88.3,51.0,56.0,32.9,32.7,32.7,79.72,113.6975,58.64,8.02,6.22
2010-02-22,133.0,115.0,73.0,88.3,51.0,56.0,32.9,32.7,32.7,79.72,113.6975,58.64,8.02,6.22
2010-02-23,133.0,115.0,73.0,88.3,51.0,56.0,32.9,32.7,32.7,79.72,113.6975,58.64,8.02,6.22
2010-02-24,133.0,115.0,73.0,88.3,51.0,56.0,32.9,32.7,32.7,79.72,113.6975,58.64,8.02,6.22
2010-02-25,133.0,115.0,73.0,88.3,51.0,56.0,32.9,32.7,32.7,79.72,113.6975,58.64,8.02,6.22
2010-02-26,133.0,115.0,73.0,88.3,51.0,56.0,32.9,32.7,32.7,79.72,113.6975,58.64,8.02,6.22
2010-02-27,133.0,115.0,73.0,88.3,51.0,56.0,32.9,32.7,32.7,79.72,113.6975,58.64,8.02,6.22
2010-02-28,133.0,115.0,73.0,88.3,51.0,56.0,32.9,32.7,32.7,79.72,113.6975,58.64,8.02,6.22
2010-03-01,133.0,115.0,73.0,88.3,51.0,56.0,32.9,32.7,32.7,83.45,113.6975,58.64,8.02,6.22
2010-03-02,133.0,115.0,73.0,88.3,51.0,56.0,32.9,32.7,32.7,83.45,113.6975,58.64,8.02,6.22
2010-03-03,133.0,115.0,73.0,88.3,51.0,56.0,32.9,32.7,32.7,83.45,113.6975,58.64,8.02,6.22
2010-03-04,133.0,115.0,73.0,88.3,51.0,56.0,32.9,32.7,32.7,83.45,113.6975,58.64,8.02,6.22
2010-03-05,133.0,115.0,73.0,88.3,51.0,56.0,32.9,32.7,32.7,83.45,113.6975,58.64,8.02,6.22
2010-03-06,133.0,115.0,73.0,88.3,51.0,56.0,32.9,32.7,32.7,83.45,113.6975,58.64,8.02,6.22
2010-03-07,133.0,115.0,73.0,88.3,51.0,56.0,32.9,32.7,32.7,83.45,113.6975,58.64,8.02,6.22
2010-03-08,133.0,115.0,73.0,88.3,51.0,56.0,32.9,32.7,32.7,83.45,113.6975,58.64,8.02,6.22
2010-03-09,133.0,115.0,73.0,88.3,51.0,56.0,32.9,32.7,32.7,83.45,113.6975,58.64,8.02,6.22
2010-03-10,133.0,115.0,73.0,88.3,51.0,56.0,32.9,32.7,32.7,83.45,113.6975,58.64,8.02,6.22
2010-03-11,133.0,115.0,73.0,88.3,51.0,56.0,32.9,32.7,32.7,83.45,113.6975,58.64,8.02,6.22
2010-03-12,133.0,115.0,73.0,88.3,51.0,56.0,32.9,32.7,32.7,83.45,113.6975,58.64,8.02,6.22
2010-03-13,133.0,115.0,73.0,88.3,51.0,56.0,32.9,32.7,32.7,83.45,113.6975,58.64,8.02,6.22
2010-03-14,133.0,115.0,73.0,88.3,51.0,56.0,32.9,32.7,32.7,83.45,113.6975,58.64,8.02,6.22
2010-03-15,133.0,115.0,73.0,88.3,51.0,56.0,32.9,32.7,32.7,83.45,113.6975,58.64,8.02,6.22
2010-03-16,133.0,115.0,73.0,88.3,51.0,56.0,32.9,32.7,32.7,83.45,113.6975,58.64,8.02,6.22
2010-03-17,133.0,115.0,73.0,88.3,51.0,56.0,32.9,32.7,32.7,83.45,113.6975,58.64,8.02,6.22
2010-03-18,133.0,115.0,73.0,88.3,51.0,56.0,32.9,32.7,32.7,83.45,113.6975,58.64,8.02,6.22
2010-03-19,133.0,115.0,73.0,88.3,51.0,56.0,32.9,32.7,32.7,83.45,113.6975,58.64,8.02,6.22
2010-03-20,133.0,115.0,73.0,88.3,51.0,56.0,32.9,32.7,32.7,83.45,113.6975,58.64,8.02,6.22
2010-03-21,133.0,115.0,73.0,88.3,51.0,56.0,32.9,32.7,32.7,83.45,113.6975,58.64,8.02,6.22
2010-03-22,133.0,115.0,73.0,88.3,51.0,56.0,32.9,32.7,32.7,83.45,113.6975,58.64,8.02,6.22
2010-03-23,133.0,115.0,73.0,88.3,51.0,56.0,32.9,32.7,32.7,83.45,113.6975,58.64,8.02,6.22
2010-03-24,133.0,115.0,73.0,88.3,51.0,56.0,32.9,32.7,32.7,83.45,113.6975,58.64,8.02,6.22
2010-03-25,133.0,115.0,73.0,88.3,51.0,56.0,32.9,32.7,32.7,83.45,113.6975,58.64,8.02,6.22
2010-03-26,133.0,115.0,73.0,88.3,51.0,56.0,32.9,32.7,32.7,83.45,113.6975,58.64,8.02,6.22
2010-03-27,133.0,115.0,73.0,88.3,51.0,56.0,32.9,32.7,32.7,83.45,113.6975,58.64,8.02,6.22
2010-03-28,133.0,115.0,73.0,88.3,51.0,56.0,32.9,32.7,32.7,83.45,113.6975,58.64,8.02,6.22
2010-03-29,133.0,115.0,73.0,88.3,51.0,56.0,32.9,32.7,32.7,83.45,113.6975,58.64,8.02,6.22
2010-03-30,133.0,115.0,73.0,88.3,51.0,56.0,32.9,32.7,32.7,83.45,113.6975,58.64,8.02,6.22
2010-03-31,133.0,115.0,73.0,88.3,51.0,56.0,32.9,32.7,32.7,83.45,113.6975,58.64,8.02,6.22
2010-04-01,133.0,115.0,73.0,88.3,51.0,56.0,32.9,32.7,32.7,86.07,113.6975,58.64,8.02,6.22
2010-04-02,133.0,115.0,73.0,88.3,51.0,56.0,32.9,32.7,32.7,86.07,113.6975,58.64,8.02,6.22
2010-04-03,133.0,115.0,73.0,88.3,51.0,56.0,32.9,32.7,32.7,86.07,113.6975,58.64,8.02,6.22
2010-04-04,133.0,115.0,73.0,88.3,51.0,56.0,32.9,32.7,32.7,86.07,113.6975,58.64,8.02,6.22
2010-04-05,133.0,115.0,73.0,88.3,51.0,56.0,32.9,32.7,32.7,86.07,113.6975,58.64,8.02,6.22
2010-04-06,133.0,115.0,73.0,88.3,51.0,56.0,32.9,32.7,32.7,86.07,113.6975,58.64,8.02,6.22
2010-04-07,133.0,115.0,73.0,88.3,51.0,56.0,32.9,32.7,32.7,86.07,113.6975,58.64,8.02,6.22
2010-04-08,133.0,115.0,73.0,88.3,51.0,56.0,32.9,32.7,32.7,86.07,113.6975,58.64,8.02,6.22
2010-04-09,133.0,115.0,73.0,88.3,51.0,56.0,32.9,32.7,32.7,86.07,113.6975,58.64,8.02,6.22
2010-04-10,133.0,115.0,73.0,88.3,51.0,56.0,32.9,32.7,32.7,86.07,113.6975,58.64,8.02,6.22
2010-04-11,133.0,115.0,73.0,88.3,51.0,56.0,32.9,32.7,32.7,86.07,113.6975,58.64,8.02,6.22
2010-04-12,133.0,115.0,73.0,88.3,51.0,56.0,32.9,32.7,32.7,86.07,113.6975,58.64,8.02,6.22
2010-04-13,133.0,115.0,73.0,88.3,51.0,56.0,32.9,32.7,32.7,86.07,113.6975,58.64,8.02,6.22
2010-04-14,133.0,115.0,73.0,88.3,51.0,56.0,32.9,32.7,32.7,86.07,113.6975,58.64,8.02,6.22
2010-04-15,133.0,115.0,73.0,88.3,51.0,56.0,32.9,32.7,32.7,86.07,113.6975,58.64,8.02,6.22
2010-04-16,133.0,115.0,73.0,88.3,51.0,56.0,32.9,32.7,32.7,86.07,113.6975,58.64,8.02,6.22
2010-04-17,133.0,115.0,73.0,88.3,51.0,56.0,32.9,32.7,32.7,86.07,113.6975,58.64,8.02,6.22
2010-04-18,133.0,115.0,73.0,88.3,51.0,56.0,32.9,32.7,32.7,86.07,113.6975,58.64,8.02,6.22
2010-04-19,133.0,115.0,73.0,88.3,51.0,56.0,32.9,32.7,32.7,86.07,113.6975,58.64,8.02,6.22
2010-04-20,133.0,115.0,73.0,88.3,51.0,56.0,32.9,32.7,32.7,86.07,113.6975,58.64,8.02,6.22
2010-04-21,133.0,115.0,73.0,88.3,51.0,56.0,32.9,32.7,32.7,86.07,113.6975,58.64,8.02,6.22
2010-04-22,133.0,115.0,73.0,88.3,51.0,56.0,32.9,32.7,32.7,86.07,113.6975,58.64,8.02,6.22
2010-04-23,133.0,115.0,73.0,88.3,51.0,56.0,32.9,32.7,32.7,86.07,113.6975,58.64,8.02,6.22
2010-04-24,133.0,115.0,73.0,88.3,51.0,56.0,32.9,32.7,32.7,86.07,113.6975,58.64,8.02,6.22
2010-04-25,133.0,115.0,73.0,88.3,51.0,56.0,32.9,32.7,32.7,86.07,113.6975,58.64,8.02,6.22
2010-04-26,133.0,115.0,73.0,88.3,51.0,56.0,32.9,32.7,32.7,86.07,113.6975,58.64,8.02,6.22
2010-04-27,133.0,115.0,73.0,88.3,51.0,56.0,32.9,32.7,32.7,86.07,113.6975,58.64,8.02,6.22
2010-04-28,133.0,115.0,73.0,88.3,51.0,56.0,32.9,32.7,32.7,86.07,113.6975,58.64,8.02,6.22
2010-04-29,133.0,115.0,73.0,88.3,51.0,56.0,32.9,32.7,32.7,86.07,113.6975,58.64,8.02,6.22
2010-04-30,133.0,115.0,73.0,88.3,51.0,56.0,32.9,32.7,32.7,86.07,113.6975,58.64,8.02,6.22
2010-05-01,133.0,115.0,73.0,88.3,51.0,56.0,32.9,32.7,32.7,74.0,113.6975,58.64,8.02,6.22
2010-05-02,133.0,115.0,73.0,88.3,51.0,56.0,32.9,32.7,32.7,74.0,113.6975,58.64,8.02,6.22
2010-05-03,133.0,115.0,73.0,88.3,51.0,56.0,32.9,32.7,32.7,74.0,113.6975,58.64,8.02,6.22
2010-05-04,133.0,115.0,73.0,88.3,51.0,56.0,32.9,32.7,32.7,74.0,113.6975,58.64,8.02,6.22
2010-05-05,133.0,115.0,73.0,88.3,51.0,56.0,32.9,32.7,32.7,74.0,113.6975,58.64,8.02,6.22
2010-05-06,133.0,115.0,73.0,88.3,51.0,56.0,32.9,32.7,32.7,74.0,113.6975,58.64,8.02,6.22
2010-05-07,133.0,115.0,73.0,88.3,51.0,56.0,32.9,32.7,32.7,74.0,113.6975,58.64,8.02,6.22
2010-05-08,133.0,115.0,73.0,88.3,51.0,56.0,32.9,32.7,32.7,74.0,113.6975,58.64,8.02,6.22
2010-05-09,133.0,115.0,73.0,88.3,51.0,56.0,32.9,32.7,32.7,74.0,113.6975,58.64,8.02,6.22
2010-05-10,133.0,115.0,73.0,88.3,51.0,56.0,32.9,32.7,32.7,74.0,113.6975,58.64,8.02,6.22
2010-05-11,133.0,115.0,73.0,88.3,51.0,56.0,32.9,32.7,32.7,74.0,113.6292,58.64,8.02,6.22
2010-05-12,133.0,115.0,73.0,88.3,51.0,56.0,32.9,32.7,32.7,74.0,113.6854,58.64,8.02,6.22
2010-05-13,133.0,115.0,73.0,88.3,51.0,56.0,32.9,32.7,32.7,74.0,113.7009,58.64,8.02,6.22
2010-05-14,133.0,115.0,73.0,88.3,51.0,56.0,32.9,32.7,32.7,74.0,113.6573,58.64,8.02,6.22
2010-05-15,133.0,115.0,73.0,88.3,51.0,56.0,32.9,32.7,32.7,74.0,113.6573,58.64,8.02,6.22
2010-05-16,133.0,115.0,73.0,88.3,51.0,56.0,32.9,32.7,32.7,74.0,113.6573,58.64,8.02,6.22
2010-05-17,133.0,115.0,73.0,88.3,51.0,56.0,32.9,32.7,32.7,74.0,113.6573,58.64,8.02,6.22
2010-05-18,133.0,115.0,73.0,88.3,51.0,56.0,32.9,32.7,32.7,74.0,113.6573,58.64,8.02,6.22
2010-05-19,133.0,115.0,73.0,88.3,51.0,56.0,32.9,32.7,32.7,74.0,113.6573,58.64,8.02,6.22
2010-05-20,133.0,115.0,73.0,88.3,51.0,56.0,32.9,32.7,32.7,74.0,113.6573,58.64,8.02,6.22
2010-05-21,133.0,115.0,73.0,88.3,51.0,56.0,32.9,32.7,32.7,74.0,113.6573,58.64,8.02,6.22
2010-05-22,133.0,115.0,73.0,88.3,51.0,56.0,32.9,32.7,32.7,74.0,113.6573,58.64,8.02,6.22
2010-05-23,133.0,115.0,73.0,88.3,51.0,56.0,32.9,32.7,32.7,74.0,113.6573,58.64,8.02,6.22
2010-05-24,133.0,115.0,73.0,88.3,51.0,56.0,32.9,32.7,32.7,74.0,113.6573,58.64,8.02,6.22
2010-05-25,133.0,115.0,73.0,88.3,51.0,56.0,32.9,32.7,32.7,74.0,113.6573,58.64,8.02,6.22
2010-05-26,133.0,115.0,73.0,88.3,51.0,56.0,32.9,32.7,32.7,74.0,113.6573,58.64,8.02,6.22
2010-05-27,133.0,115.0,73.0,88.3,51.0,56.0,32.9,32.7,32.7,74.0,113.6573,58.64,8.02,6.22
2010-05-28,133.0,115.0,73.0,88.3,51.0,56.0,32.9,32.7,32.7,74.0,113.6573,58.64,8.02,6.22
2010-05-29,133.0,115.0,73.0,88.3,51.0,56.0,32.9,32.7,32.7,74.0,113.6573,58.64,8.02,6.22
2010-05-30,133.0,115.0,73.0,88.3,51.0,56.0,32.9,32.7,32.7,74.0,113.6573,58.64,8.02,6.22
2010-05-31,133.0,115.0,73.0,88.3,51.0,56.0,32.9,32.7,32.7,74.0,113.6573,58.64,8.02,6.22
2010-06-01,133.0,115.0,73.0,88.3,51.0,56.0,32.9,32.7,32.7,75.59,113.8271,58.64,8.02,6.22
2010-06-02,133.0,115.0,73.0,88.3,51.0,56.0,32.9,32.7,32.7,75.59,113.7567,58.64,8.02,6.22
2010-06-03,133.0,115.0,73.0,88.3,51.0,56.0,32.9,32.7,32.7,75.59,113.7567,58.64,8.02,6.22
2010-06-04,133.0,115.0,73.0,88.3,51.0,56.0,32.9,32.7,32.7,75.59,113.7567,58.64,8.02,6.22
2010-06-05,133.0,115.0,73.0,88.3,51.0,56.0,32.9,32.7,32.7,75.59,113.7567,58.64,8.02,6.22
2010-06-06,133.0,115.0,73.0,88.3,51.0,56.0,32.9,32.7,32.7,75.59,113.7567,58.64,8.02,6.22
2010-06-07,133.0,115.0,73.0,88.3,51.0,56.0,32.9,32.7,32.7,75.59,113.7567,58.64,8.02,6.22
2010-06-08,133.0,115.0,73.0,88.3,51.0,56.0,32.9,32.7,32.7,75.59,113.7567,58.64,8.02,6.22
2010-06-09,133.0,115.0,73.0,88.3,51.0,56.0,32.9,32.7,32.7,75.59,113.7567,58.64,8.02,6.22
2010-06-10,133.0,115.0,73.0,88.3,51.0,56.0,32.9,32.7,32.7,75.59,113.7567,58.64,8.02,6.22
2010-06-11,133.0,115.0,73.0,88.3,51.0,56.0,32.9,32.7,32.7,75.59,113.7567,58.64,8.02,6.22
2010-06-12,133.0,115.0,73.0,88.3,51.0,56.0,32.9,32.7,32.7,75.59,113.7567,58.64,8.02,6.22
2010-06-13,133.0,115.0,73.0,88.3,51.0,56.0,32.9,32.7,32.7,75.59,113.7567,58.64,8.02,6.22
2010-06-14,133.0,115.0,73.0,88.3,51.0,56.0,32.9,32.7,32.7,75.59,113.5446,58.64,8.02,6.22
2010-06-15,133.0,115.0,73.0,88.3,51.0,56.0,32.9,32.7,32.7,75.59,113.572,58.64,8.02,6.22
2010-06-16,133.0,115.0,73.0,88.3,51.0,56.0,32.9,32.7,32.7,75.59,113.572,58.64,8.02,6.22
2010-06-17,133.0,115.0,73.0,88.3,51.0,56.0,32.9,32.7,32.7,75.59,113.572,58.64,8.02,6.22
2010-06-18,133.0,115.0,73.0,88.3,51.0,56.0,32.9,32.7,32.7,75.59,113.572,58.64,8.02,6.22
2010-06-19,133.0,115.0,73.0,88.3,51.0,56.0,32.9,32.7,32.7,75.59,113.572,58.64,8.02,6.22
2010-06-20,133.0,115.0,73.0,88.3,51.0,56.0,32.9,32.7,32.7,75.59,113.572,58.64,8.02,6.22
2010-06-21,133.0,115.0,73.0,88.3,51.0,56.0,32.9,32.7,32.7,75.59,113.572,58.64,8.02,6.22
2010-06-22,133.0,115.0,73.0,88.3,51.0,56.0,32.9,32.7,32.7,75.59,113.4625,58.64,8.02,6.22
2010-06-23,133.0,115.0,73.0,88.3,51.0,56.0,32.9,32.7,32.7,75.59,113.4625,58.64,8.02,6.22
2010-06-24,133.0,115.0,73.0,88.3,51.0,56.0,32.9,32.7,32.7,75.59,113.4625,58.64,8.02,6.22
2010-06-25,133.0,115.0,73.0,88.3,51.0,56.0,32.9,32.7,32.7,75.59,113.4625,58.64,8.02,6.22
2010-06-26,133.0,115.0,73.0,88.3,51.0,56.0,32.9,32.7,32.7,75.59,113.4625,58.64,8.02,6.22
2010-06-27,133.0,115.0,73.0,88.3,51.0,56.0,32.9,32.7,32.7,75.59,113.4625,58.64,8.02,6.22
2010-06-28,133.0,115.0,73.0,88.3,51.0,56.0,32.9,32.7,32.7,75.59,113.4625,58.64,8.02,6.22
2010-06-29,133.0,115.0,73.0,88.3,51.0,56.0,32.9,32.7,32.7,75.59,113.4625,58.64,8.02,6.22
2010-06-30,133.0,115.0,73.0,88.3,51.0,56.0,32.9,32.7,32.7,75.59,113.4625,58.64,8.02,6.22
2010-07-01,133.0,115.0,73.0,88.3,51.0,56.0,32.9,32.7,32.7,78.85,113.5897,58.64,8.02,6.22
2010-07-02,133.0,115.0,73.0,88.3,51.0,56.0,32.9,32.7,32.7,78.85,113.5897,58.64,8.02,6.22
2010-07-03,133.0,115.0,73.0,88.3,51.0,56.0,32.9,32.7,32.7,78.85,113.5897,58.64,8.02,6.22
2010-07-04,133.0,115.0,73.0,88.3,51.0,56.0,32.9,32.7,32.7,78.85,113.5897,58.64,8.02,6.22
2010-07-05,133.0,115.0,73.0,88.3,51.0,56.0,32.9,32.7,32.7,78.85,113.5897,58.64,8.02,6.22
2010-07-06,133.0,115.0,73.0,88.3,51.0,56.0,32.9,32.7,32.7,78.85,113.5897,58.64,8.02,6.22
2010-07-07,133.0,115.0,73.0,88.3,51.0,56.0,32.9,32.7,32.7,78.85,113.5897,58.64,8.02,6.22
2010-07-08,133.0,115.0,73.0,88.3,51.0,56.0,32.9,32.7,32.7,78.85,113.5897,58.64,8.02,6.22
2010-07-09,133.0,115.0,73.0,88.3,51.0,56.0,32.9,32.7,32.7,78.85,113.5897,58.64,8.02,6.22
2010-07-10,133.0,115.0,73.0,88.3,51.0,56.0,32.9,32.7,32.7,78.85,113.5897,58.64,8.02,6.22
2010-07-11,133.0,115.0,73.0,88.3,51.0,56.0,32.9,32.7,32.7,78.85,113.5897,58.64,8.02,6.22
2010-07-12,133.0,115.0,73.0,88.3,51.0,56.0,32.9,32.7,32.7,78.85,113.5897,58.64,8.02,6.22
2010-07-13,133.0,115.0,73.0,88.3,51.0,56.0,32.9,32.7,32.7,78.85,113.5897,58.64,8.02,6.22
2010-07-14,133.0,115.0,73.0,88.3,51.0,56.0,32.9,32.7,32.7,78.85,113.1292,58.64,8.02,6.22
2010-07-15,133.0,115.0,73.0,88.3,51.0,56.0,32.9,32.7,32.7,78.85,113.1292,58.64,8.02,6.22
2010-07-16,133.0,115.0,73.0,88.3,51.0,56.0,32.9,32.7,32.7,78.85,113.1292,58.64,8.02,6.22
2010-07-17,133.0,115.0,73.0,88.3,51.0,56.0,32.9,32.7,32.7,78.85,113.1292,58.64,8.02,6.22
2010-07-18,133.0,115.0,73.0,88.3,51.0,56.0,32.9,32.7,32.7,78.85,113.1292,58.64,8.02,6.22
2010-07-19,133.0,115.0,73.0,88.3,51.0,56.0,32.9,32.7,32.7,78.85,112.7252,58.64,8.02,6.22
2010-07-20,133.0,115.0,73.0,88.3,51.0,56.0,32.9,32.7,32.7,78.85,112.7252,58.64,8.02,6.22
2010-07-21,133.0,115.0,73.0,88.3,51.0,56.0,32.9,32.7,32.7,78.85,112.7252,58.64,8.02,6.22
2010-07-22,133.0,115.0,73.0,88.3,51.0,56.0,32.9,32.7,32.7,78.85,112.7252,58.64,8.02,6.22
2010-07-23,133.0,115.0,73.0,88.3,51.0,56.0,32.9,32.7,32.7,78.85,112.7252,58.64,8.02,6.22
2010-07-24,133.0,115.0,73.0,88.3,51.0,56.0,32.9,32.7,32.7,78.85,112.7252,58.64,8.02,6.22
2010-07-25,133.0,115.0,73.0,88.3,51.0,56.0,32.9,32.7,32.7,78.85,112.7252,58.64,8.02,6.22
2010-07-26,133.0,115.0,73.0,88.3,51.0,56.0,32.9,32.7,32.7,78.85,112.7252,58.64,8.02,6.22
2010-07-27,133.0,115.0,73.0,88.3,51.0,56.0,32.9,32.7,32.7,78.85,112.7252,58.64,8.02,6.22
2010-07-28,133.0,115.0,73.0,88.3,51.0,56.0,32.9,32.7,32.7,78.85,112.7252,58.64,8.02,6.22
2010-07-29,133.0,115.0,73.0,88.3,51.0,56.0,32.9,32.7,32.7,78.85,112.7252,58.64,8.02,6.22
2010-07-30,133.0,115.0,73.0,88.3,51.0,56.0,32.9,32.7,32.7,78.85,112.5618,58.64,8.02,6.22
2010-07-31,133.0,115.0,73.0,88.3,51.0,56.0,32.9,32.7,32.7,78.85,112.5618,58.64,8.02,6.22
2010-08-01,133.0,115.0,73.0,88.3,51.0,56.0,32.9,32.7,32.7,71.93,112.5618,58.64,8.02,6.22
2010-08-02,133.0,115.0,73.0,88.3,51.0,56.0,32.9,32.7,32.7,71.93,112.5618,58.64,8.02,6.22
2010-08-03,133.0,115.0,73.0,88.3,51.0,56.0,32.9,32.7,32.7,71.93,112.5618,58.64,8.02,6.22
2010-08-04,133.0,115.0,73.0,88.3,51.0,56.0,32.9,32.7,32.7,71.93,112.5618,58.64,8.02,6.22
2010-08-05,133.0,115.0,73.0,88.3,51.0,56.0,32.9,32.7,32.7,71.93,112.5618,58.64,8.02,6.22
2010-08-06,133.0,115.0,73.0,88.3,51.0,56.0,32.9,32.7,32.7,71.93,112.5618,58.64,8.02,6.22
2010-08-07,133.0,115.0,73.0,88.3,51.0,56.0,32.9,32.7,32.7,71.93,112.5618,58.64,8.02,6.22
2010-08-08,133.0,115.0,73.0,88.3,51.0,56.0,32.9,32.7,32.7,71.93,112.5618,58.64,8.02,6.22
2010-08-09,133.0,115.0,73.0,88.3,51.0,56.0,32.9,32.7,32.7,71.93,112.5618,58.64,8.02,6.22
2010-08-10,133.0,115.0,73.0,88.3,51.0,56.0,32.9,32.7,32.7,71.93,112.5618,58.64,8.02,6.22
2010-08-11,133.0,115.0,73.0,88.3,51.0,56.0,32.9,32.7,32.7,71.93,112.5618,58.64,8.02,6.22
2010-08-12,133.0,115.0,73.0,88.3,51.0,56.0,32.9,32.7,32.7,71.93,112.5618,58.64,8.02,6.22
2010-08-13,133.0,115.0,73.0,88.3,51.0,56.0,32.9,32.7,32.7,71.93,112.3888,58.64,8.02,6.22
2010-08-14,133.0,115.0,73.0,88.3,51.0,56.0,32.9,32.7,32.7,71.93,112.3888,58.64,8.02,6.22
2010-08-15,133.0,115.0,73.0,88.3,51.0,56.0,32.9,32.7,32.7,71.93,112.3888,58.64,8.02,6.22
2010-08-16,133.0,115.0,73.0,88.3,51.0,56.0,32.9,32.7,32.7,71.93,112.3888,58.64,8.02,6.22
2010-08-17,133.0,115.0,73.0,88.3,51.0,56.0,32.9,32.7,32.7,71.93,112.3888,58.64,8.02,6.22
2010-08-18,133.0,115.0,73.0,88.3,51.0,56.0,32.9,32.7,32.7,71.93,112.3888,58.64,8.02,6.22
2010-08-19,133.0,115.0,73.0,88.3,51.0,56.0,32.9,32.7,32.7,71.93,112.3888,58.64,8.02,6.22
2010-08-20,133.0,115.0,73.0,88.3,51.0,56.0,32.9,32.7,32.7,71.93,112.3888,58.64,8.02,6.22
2010-08-21,133.0,115.0,73.0,88.3,51.0,56.0,32.9,32.7,32.7,71.93,112.3888,58.64,8.02,6.22
2010-08-22,133.0,115.0,73.0,88.3,51.0,56.0,32.9,32.7,32.7,71.93,112.3888,58.64,8.02,6.22
2010-08-23,133.0,115.0,73.0,88.3,51.0,56.0,32.9,32.7,32.7,71.93,112.3888,58.64,8.02,6.22
2010-08-24,133.0,115.0,73.0,88.3,51.0,56.0,32.9,32.7,32.7,71.93,112.3888,58.64,8.02,6.22
2010-08-25,133.0,115.0,73.0,88.3,51.0,56.0,32.9,32.7,32.7,71.93,112.3888,58.64,8.02,6.22
2010-08-26,133.0,115.0,73.0,88.3,51.0,56.0,32.9,32.7,32.7,71.93,112.3888,58.64,8.02,6.22
2010-08-27,133.0,115.0,73.0,88.3,51.0,56.0,32.9,32.7,32.7,71.93,112.6058,58.64,8.02,6.22
2010-08-28,133.0,115.0,73.0,88.3,51.0,56.0,32.9,32.7,32.7,71.93,112.6058,58.64,8.02,6.22
2010-08-29,133.0,115.0,73.0,88.3,51.0,56.0,32.9,32.7,32.7,71.93,112.6058,58.64,8.02,6.22
2010-08-30,133.0,115.0,73.0,88.3,51.0,56.0,32.9,32.7,32.7,71.93,112.6058,58.64,8.02,6.22
2010-08-31,133.0,115.0,73.0,88.3,51.0,56.0,32.9,32.7,32.7,71.93,112.6897,58.64,8.02,6.22
2010-09-01,133.0,115.0,73.0,88.3,51.0,56.0,42.2,40.0,40.0,79.95,112.6897,58.64,8.02,6.22
2010-09-02,133.0,115.0,73.0,88.3,51.0,56.0,42.2,40.0,40.0,79.95,112.6897,58.64,8.02,6.22
2010-09-03,133.0,115.0,73.0,88.3,51.0,56.0,42.2,40.0,40.0,79.95,112.6897,58.64,8.02,6.22
2010-09-04,133.0,115.0,73.0,88.3,51.0,56.0,42.2,40.0,40.0,79.95,112.6897,58.64,8.02,6.22
2010-09-05,133.0,115.0,73.0,88.3,51.0,56.0,42.2,40.0,40.0,79.95,112.6897,58.64,8.02,6.22
2010-09-06,133.0,115.0,73.0,88.3,51.0,56.0,42.2,40.0,40.0,79.95,112.6897,58.64,8.02,6.22
2010-09-07,133.0,115.0,73.0,88.3,51.0,56.0,42.2,40.0,40.0,79.95,112.6897,58.64,8.02,6.22
2010-09-08,133.0,115.0,73.0,88.3,51.0,56.0,42.2,40.0,40.0,79.95,112.6897,58.64,8.02,6.22
2010-09-09,133.0,115.0,73.0,88.3,51.0,56.0,42.2,40.0,40.0,79.95,112.6897,58.64,8.02,6.22
2010-09-10,133.0,115.0,73.0,88.3,51.0,56.0,42.2,40.0,40.0,79.95,112.6897,58.64,8.02,6.22
2010-09-11,133.0,115.0,73.0,88.3,51.0,56.0,42.2,40.0,40.0,79.95,112.6897,58.64,8.02,6.22
2010-09-12,133.0,115.0,73.0,88.3,51.0,56.0,42.2,40.0,40.0,79.95,112.6897,58.64,8.02,6.22
2010-09-13,133.0,115.0,73.0,88.3,51.0,56.0,42.2,40.0,40.0,79.95,112.6897,58.64,8.02,6.22
2010-09-14,133.0,115.0,73.0,88.3,51.0,56.0,42.2,40.0,40.0,79.95,112.6132,58.64,8.02,6.22
2010-09-15,133.0,115.0,73.0,88.3,51.0,56.0,42.2,40.0,40.0,79.95,112.5431,58.64,8.02,6.22
2010-09-16,133.0,115.0,73.0,88.3,51.0,56.0,42.2,40.0,40.0,79.95,112.5431,58.64,8.02,6.22
2010-09-17,133.0,115.0,73.0,88.3,51.0,56.0,42.2,40.0,40.0,79.95,112.5431,58.64,8.02,6.22
2010-09-18,133.0,115.0,73.0,88.3,51.0,56.0,42.2,40.0,40.0,79.95,112.5431,58.64,8.02,6.22
2010-09-19,133.0,115.0,73.0,88.3,51.0,56.0,42.2,40.0,40.0,79.95,112.5431,58.64,8.02,6.22
2010-09-20,133.0,115.0,73.0,88.3,51.0,56.0,42.2,40.0,40.0,79.95,112.5431,58.64,8.02,6.22
2010-09-21,133.0,115.0,73.0,88.3,51.0,56.0,42.2,40.0,40.0,79.95,112.5442,58.64,8.02,6.22
2010-09-22,133.0,115.0,73.0,88.3,51.0,56.0,42.2,40.0,40.0,79.95,112.5442,58.64,8.02,6.22
2010-09-23,133.0,115.0,73.0,88.3,51.0,56.0,42.2,40.0,40.0,79.95,112.5442,58.64,8.02,6.22
2010-09-24,133.0,115.0,73.0,88.3,51.0,56.0,42.2,40.0,40.0,79.95,112.5442,58.64,8.02,6.22
2010-09-25,133.0,115.0,73.0,88.3,51.0,56.0,42.2,40.0,40.0,79.95,112.5442,58.64,8.02,6.22
2010-09-26,133.0,115.0,73.0,88.3,51.0,56.0,42.2,40.0,40.0,79.95,112.5442,58.64,8.02,6.22
2010-09-27,133.0,115.0,73.0,88.3,51.0,56.0,42.2,40.0,40.0,79.95,112.3064,58.64,8.02,6.22
2010-09-28,133.0,115.0,73.0,88.3,51.0,56.0,42.2,40.0,40.0,79.95,112.3064,58.64,8.02,6.22
2010-09-29,133.0,115.0,73.0,88.3,51.0,56.0,42.2,40.0,40.0,79.95,112.3064,58.64,8.02,6.22
2010-09-30,133.0,115.0,73.0,88.3,51.0,56.0,42.2,40.0,40.0,79.95,112.3064,58.64,8.02,6.22
2010-10-01,133.0,115.0,73.0,88.3,51.0,56.0,42.2,40.0,40.0,81.45,112.3064,58.64,8.02,6.22
2010-10-02,133.0,115.0,73.0,88.3,51.0,56.0,42.2,40.0,40.0,81.45,112.3064,58.64,8.02,6.22
2010-10-03,133.0,115.0,73.0,88.3,51.0,56.0,42.2,40.0,40.0,81.45,112.3064,58.64,8.02,6.22
2010-10-04,133.0,115.0,73.0,88.3,51.0,56.0,42.2,40.0,40.0,81.45,112.3064,58.64,8.02,6.22
2010-10-05,133.0,115.0,73.0,88.3,51.0,56.0,42.2,40.0,40.0,81.45,112.3064,58.64,8.02,6.22
2010-10-06,133.0,115.0,73.0,88.3,51.0,56.0,42.2,40.0,40.0,81.45,112.3064,58.64,8.02,6.22
2010-10-07,133.0,115.0,73.0,88.3,51.0,56.0,42.2,40.0,40.0,81.45,112.3064,58.64,8.02,6.22
2010-10-08,133.0,115.0,73.0,88.3,51.0,56.0,42.2,40.0,40.0,81.45,112.3064,58.64,8.02,6.22
2010-10-09,133.0,115.0,73.0,88.3,51.0,56.0,42.2,40.0,40.0,81.45,112.3064,58.64,8.02,6.22
2010-10-10,133.0,115.0,73.0,88.3,51.0,56.0,42.2,40.0,40.0,81.45,112.3064,58.64,8.02,6.22
2010-10-11,133.0,115.0,73.0,88.3,51.0,56.0,42.2,40.0,40.0,81.45,112.3064,58.64,8.02,6.22
2010-10-12,133.0,115.0,73.0,88.3,51.0,56.0,42.2,40.0,40.0,81.45,112.3064,58.64,8.02,6.22
2010-10-13,133.0,115.0,73.0,88.3,51.0,56.0,42.2,40.0,40.0,81.45,111.9335,58.64,8.02,6.22
2010-10-14,133.0,115.0,73.0,88.3,51.0,56.0,42.2,40.0,40.0,81.45,111.9335,58.64,8.02,6.22
2010-10-15,133.0,115.0,73.0,88.3,51.0,56.0,42.2,40.0,40.0,81.45,111.9335,58.64,8.02,6.22
2010-10-16,133.0,115.0,73.0,88.3,51.0,56.0,42.2,40.0,40.0,81.45,111.9335,58.64,8.02,6.22
2010-10-17,133.0,115.0,73.0,88.3,51.0,56.0,42.2,40.0,40.0,81.45,111.9335,58.64,8.02,6.22
2010-10-18,133.0,115.0,73.0,88.3,51.0,56.0,42.2,40.0,40.0,81.45,111.9335,58.64,8.02,6.22
2010-10-19,133.0,115.0,73.0,88.3,51.0,56.0,42.2,40.0,40.0,81.45,111.9335,58.64,8.02,6.22
2010-10-20,133.0,115.0,73.0,88.3,51.0,56.0,42.2,40.0,40.0,81.45,111.9335,58.64,8.02,6.22
2010-10-21,133.0,115.0,73.0,88.3,51.0,56.0,42.2,40.0,40.0,81.45,111.9335,58.64,8.02,6.22
2010-10-22,133.0,115.0,73.0,88.3,51.0,56.0,42.2,40.0,40.0,81.45,111.9335,58.64,8.02,6.22
2010-10-23,133.0,115.0,73.0,88.3,51.0,56.0,42.2,40.0,40.0,81.45,111.9335,58.64,8.02,6.22
2010-10-24,133.0,115.0,73.0,88.3,51.0,56.0,42.2,40.0,40.0,81.45,111.9335,58.64,8.02,6.22
2010-10-25,133.0,115.0,73.0,88.3,51.0,56.0,42.2,40.0,40.0,81.45,111.9335,58.64,8.02,6.22
2010-10-26,133.0,115.0,73.0,88.3,51.0,56.0,42.2,40.0,40.0,81.45,111.9335,58.64,8.02,6.22
2010-10-27,133.0,115.0,73.0,88.3,51.0,56.0,42.2,40.0,40.0,81.45,111.9335,58.64,8.02,6.22
2010-10-28,133.0,115.0,73.0,88.3,51.0,56.0,42.2,40.0,40.0,81.45,111.9335,58.64,8.02,6.22
2010-10-29,133.0,115.0,73.0,88.3,51.0,56.0,42.2,40.0,40.0,81.45,111.9335,58.64,8.02,6.22
2010-10-30,133.0,115.0,73.0,88.3,51.0,56.0,42.2,40.0,40.0,81.45,111.9335,58.64,8.02,6.22
2010-10-31,133.0,115.0,73.0,88.3,51.0,56.0,42.2,40.0,40.0,81.45,111.9335,58.64,8.02,6.22
2010-11-01,133.0,115.0,73.0,88.3,51.0,56.0,42.2,40.0,40.0,84.12,111.9335,58.64,8.02,6.22
2010-11-02,133.0,115.0,73.0,88.3,51.0,56.0,42.2,40.0,40.0,84.12,111.9335,58.64,8.02,6.22
2010-11-03,133.0,115.0,73.0,88.3,51.0,56.0,42.2,40.0,40.0,84.12,111.9335,58.64,8.02,6.22
2010-11-04,133.0,115.0,73.0,88.3,51.0,56.0,42.2,40.0,40.0,84.12,111.9335,58.64,8.02,6.22
2010-11-05,133.0,115.0,73.0,88.3,51.0,56.0,42.2,40.0,40.0,84.12,111.9335,58.64,8.02,6.22
2010-11-06,133.0,115.0,73.0,88.3,51.0,56.0,42.2,40.0,40.0,84.12,111.9335,58.64,8.02,6.22
2010-11-07,133.0,115.0,73.0,88.3,51.0,56.0,42.2,40.0,40.0,84.12,111.9335,58.64,8.02,6.22
2010-11-08,133.0,115.0,73.0,88.3,51.0,56.0,42.2,40.0,40.0,84.12,111.9335,58.64,8.02,6.22
2010-11-09,133.0,115.0,73.0,88.3,51.0,56.0,42.2,40.0,40.0,84.12,111.5154,58.64,8.02,6.22
2010-11-10,133.0,115.0,73.0,88.3,51.0,56.0,42.2,40.0,40.0,84.12,111.5843,58.64,8.02,6.22
2010-11-11,133.0,115.0,73.0,88.3,51.0,56.0,42.2,40.0,40.0,84.12,111.6845,58.64,8.02,6.22
2010-11-12,133.0,115.0,73.0,88.3,51.0,56.0,42.2,40.0,40.0,84.12,111.6,58.64,8.02,6.22
2010-11-13,133.0,115.0,73.0,88.3,51.0,56.0,42.2,40.0,40.0,84.12,111.6,58.64,8.02,6.22
2010-11-14,133.0,115.0,73.0,88.3,51.0,56.0,42.2,40.0,40.0,84.12,111.6,58.64,8.02,6.22
2010-11-15,133.0,115.0,73.0,88.3,51.0,56.0,42.2,40.0,40.0,84.12,111.685,58.64,8.02,6.22
2010-11-16,133.0,115.0,73.0,88.3,51.0,56.0,42.2,40.0,40.0,84.12,111.6964,58.64,8.02,6.22
2010-11-17,133.0,115.0,73.0,88.3,51.0,56.0,42.2,40.0,40.0,84.12,111.6964,58.64,8.02,6.22
2010-11-18,133.0,115.0,73.0,88.3,51.0,56.0,42.2,40.0,40.0,84.12,111.6964,58.64,8.02,6.22
2010-11-19,133.0,115.0,73.0,88.3,51.0,56.0,42.2,40.0,40.0,84.12,111.6964,58.64,8.02,6.22
2010-11-20,133.0,115.0,73.0,88.3,51.0,56.0,42.2,40.0,40.0,84.12,111.6964,58.64,8.02,6.22
2010-11-21,133.0,115.0,73.0,88.3,51.0,56.0,42.2,40.0,40.0,84.12,111.6964,58.64,8.02,6.22
2010-11-22,133.0,115.0,73.0,88.3,51.0,56.0,42.2,40.0,40.0,84.12,111.6964,58.64,8.02,6.22
2010-11-23,133.0,115.0,73.0,88.3,51.0,56.0,42.2,40.0,40.0,84.12,111.6964,58.64,8.02,6.22
2010-11-24,133.0,115.0,73.0,88.3,51.0,56.0,42.2,40.0,40.0,84.12,111.3637,58.64,8.02,6.22
2010-11-25,133.0,115.0,73.0,88.3,51.0,56.0,42.2,40.0,40.0,84.12,111.2437,58.64,8.02,6.22
2010-11-26,133.0,115.0,73.0,88.3,51.0,56.0,42.2,40.0,40.0,84.12,111.2437,58.64,8.02,6.22
2010-11-27,133.0,115.0,73.0,88.3,51.0,56.0,42.2,40.0,40.0,84.12,111.2437,58.64,8.02,6.22
2010-11-28,133.0,115.0,73.0,88.3,51.0,56.0,42.2,40.0,40.0,84.12,111.2437,58.64,8.02,6.22
2010-11-29,133.0,115.0,73.0,88.3,51.0,56.0,42.2,40.0,40.0,84.12,111.2437,58.64,8.02,6.22
2010-11-30,133.0,115.0,73.0,88.3,51.0,56.0,42.2,40.0,40.0,84.12,111.2437,58.64,8.02,6.22
2010-12-01,133.0,115.0,73.0,88.3,51.0,56.0,42.2,40.0,40.0,91.38,111.2437,58.64,8.02,6.22
2010-12-02,133.0,115.0,73.0,88.3,51.0,56.0,42.2,40.0,40.0,91.38,111.2437,58.64,8.02,6.22
2010-12-03,133.0,115.0,73.0,88.3,51.0,56.0,42.2,40.0,40.0,91.38,111.2437,58.64,8.02,6.22
2010-12-04,133.0,115.0,73.0,88.3,51.0,56.0,42.2,40.0,40.0,91.38,111.2437,58.64,8.02,6.22
2010-12-05,133.0,115.0,73.0,88.3,51.0,56.0,42.2,40.0,40.0,91.38,111.2437,58.64,8.02,6.22
2010-12-06,133.0,115.0,73.0,88.3,51.0,56.0,42.2,40.0,40.0,91.38,111.2437,58.64,8.02,6.22
2010-12-07,133.0,115.0,73.0,88.3,51.0,56.0,42.2,40.0,40.0,91.38,111.2437,58.64,8.02,6.22
2010-12-08,133.0,115.0,73.0,88.3,51.0,56.0,42.2,40.0,40.0,91.38,111.2437,58.64,8.02,6.22
2010-12-09,133.0,115.0,73.0,88.3,51.0,56.0,42.2,40.0,40.0,91.38,111.2437,58.64,8.02,6.22
2010-12-10,133.0,115.0,73.0,88.3,51.0,56.0,42.2,40.0,40.0,91.38,111.2437,58.64,8.02,6.22
2010-12-11,133.0,115.0,73.0,88.3,51.0,56.0,42.2,40.0,40.0,91.38,111.2437,58.64,8.02,6.22
2010-12-12,133.0,115.0,73.0,88.3,51.0,56.0,42.2,40.0,40.0,91.38,111.2437,58.64,8.02,6.22
2010-12-13,133.0,115.0,73.0,88.3,51.0,56.0,42.2,40.0,40.0,91.38,111.2437,58.64,8.02,6.22
2010-12-14,133.0,115.0,73.0,88.3,51.0,56.0,42.2,40.0,40.0,91.38,111.2437,58.64,8.02,6.22
2010-12-15,133.0,115.0,73.0,88.3,51.0,56.0,42.2,40.0,40.0,91.38,111.2437,58.64,8.02,6.22
2010-12-16,133.0,115.0,73.0,88.3,51.0,56.0,42.2,40.0,40.0,91.38,111.2437,58.64,8.02,6.22
2010-12-17,133.0,115.0,73.0,88.3,51.0,56.0,42.2,40.0,40.0,91.38,111.2437,58.64,8.02,6.22
2010-12-18,133.0,115.0,73.0,88.3,51.0,56.0,42.2,40.0,40.0,91.38,111.2437,58.64,8.02,6.22
2010-12-19,133.0,115.0,73.0,88.3,51.0,56.0,42.2,40.0,40.0,91.38,111.2437,58.64,8.02,6.22
2010-12-20,133.0,115.0,73.0,88.3,51.0,56.0,42.2,40.0,40.0,91.38,111.2437,58.64,8.02,6.22
2010-12-21,133.0,115.0,73.0,88.3,51.0,56.0,42.2,40.0,40.0,91.38,111.2437,58.64,8.02,6.22
2010-12-22,133.0,115.0,73.0,88.3,51.0,56.0,42.2,40.0,40.0,91.38,111.2437,58.64,8.02,6.22
2010-12-23,133.0,115.0,73.0,88.3,51.0,56.0,42.2,40.0,40.0,91.38,111.2437,58.64,8.02,6.22
2010-12-24,133.0,115.0,73.0,88.3,51.0,56.0,42.2,40.0,40.0,91.38,111.2437,58.64,8.02,6.22
2010-12-25,133.0,115.0,73.0,88.3,51.0,56.0,42.2,40.0,40.0,91.38,111.2437,58.64,8.02,6.22
2010-12-26,133.0,115.0,73.0,88.3,51.0,56.0,42.2,40.0,40.0,91.38,111.2437,58.64,8.02,6.22
2010-12-27,133.0,115.0,73.0,88.3,51.0,56.0,42.2,40.0,40.0,91.38,111.2437,58.64,8.02,6.22
2010-12-28,133.0,115.0,73.0,88.3,51.0,56.0,42.2,40.0,40.0,91.38,111.2437,58.64,8.02,6.22
2010-12-29,133.0,115.0,73.0,88.3,51.0,56.0,42.2,40.0,40.0,91.38,111.2437,58.64,8.02,6.22
2010-12-30,133.0,115.0,73.0,88.3,51.0,56.0,42.2,40.0,40.0,91.38,111.2437,58.64,8.02,6.22
2010-12-31,133.0,115.0,73.0,88.3,51.0,56.0,42.2,40.0,40.0,91.38,111.2437,58.64,8.02,6.22
2011-01-01,133.0,115.0,73.0,88.3,51.0,56.0,42.2,40.0,40.0,90.99,111.2437,67.75,8.67,6.72
2011-01-02,133.0,115.0,73.0,88.3,51.0,56.0,42.2,40.0,40.0,90.99,111.2437,67.75,8.67,6.72
2011-01-03,133.0,115.0,73.0,88.3,51.0,56.0,42.2,40.0,40.0,90.99,111.2437,67.75,8.67,6.72
2011-01-04,133.0,115.0,73.0,88.3,51.0,56.0,42.2,40.0,40.0,90.99,111.2437,67.75,8.67,6.72
2011-01-05,133.0,115.0,73.0,88.3,51.0,56.0,42.2,40.0,40.0,90.99,111.2437,67.75,8.67,6.72
2011-01-06,133.0,115.0,73.0,88.3,51.0,56.0,42.2,40.0,40.0,90.99,111.2437,67.75,8.67,6.72
2011-01-07,133.0,115.0,73.0,88.3,51.0,56.0,42.2,40.0,40.0,90.99,111.2437,67.75,8.67,6.72
2011-01-08,133.0,115.0,73.0,88.3,51.0,56.0,42.2,40.0,40.0,90.99,111.2437,67.75,8.67,6.72
2011-01-09,133.0,115.0,73.0,88.3,51.0,56.0,42.2,40.0,40.0,90.99,111.2437,67.75,8.67,6.72
2011-01-10,133.0,115.0,73.0,88.3,51.0,56.0,42.2,40.0,40.0,90.99,111.2437,67.75,8.67,6.72
2011-01-11,133.0,115.0,73.0,88.3,51.0,56.0,42.2,40.0,40.0,90.99,111.2437,67.75,8.67,6.72
2011-01-12,133.0,115.0,73.0,88.3,51.0,56.0,42.2,40.0,40.0,90.99,111.2437,67.75,8.67,6.72
2011-01-13,133.0,115.0,73.0,88.3,51.0,56.0,42.2,40.0,40.0,90.99,111.2437,67.75,8.67,6.72
2011-01-14,133.0,115.0,73.0,88.3,51.0,56.0,42.2,40.0,40.0,90.99,111.2437,67.75,8.67,6.72
2011-01-15,133.0,115.0,73.0,88.3,51.0,56.0,42.2,40.0,40.0,90.99,111.2437,67.75,8.67,6.72
2011-01-16,133.0,115.0,73.0,88.3,51.0,56.0,42.2,40.0,40.0,90.99,111.2437,67.75,8.67,6.72
2011-01-17,133.0,115.0,73.0,88.3,51.0,56.0,42.2,40.0,40.0,90.99,111.2437,67.75,8.67,6.72
2011-01-18,133.0,115.0,73.0,88.3,51.0,56.0,42.2,40.0,40.0,90.99,111.2437,67.75,8.67,6.72
2011-01-19,133.0,115.0,73.0,88.3,51.0,56.0,42.2,40.0,40.0,90.99,111.2437,67.75,8.67,6.72
2011-01-20,133.0,115.0,73.0,88.3,51.0,56.0,42.2,40.0,40.0,90.99,110.8124,67.75,8.67,6.72
2011-01-21,133.0,115.0,73.0,88.3,51.0,56.0,42.2,40.0,40.0,90.99,110.9594,67.75,8.67,6.72
2011-01-22,133.0,115.0,73.0,88.3,51.0,56.0,42.2,40.0,40.0,90.99,110.9594,67.75,8.67,6.72
2011-01-23,133.0,115.0,73.0,88.3,51.0,56.0,42.2,40.0,40.0,90.99,110.9594,67.75,8.67,6.72
2011-01-24,133.0,115.0,73.0,88.3,51.0,56.0,42.2,40.0,40.0,90.99,111.0139,67.75,8.67,6.72
2011-01-25,133.0,115.0,73.0,88.3,51.0,56.0,42.2,40.0,40.0,90.99,110.9216,67.75,8.67,6.72
2011-01-26,133.0,115.0,73.0,88.3,51.0,56.0,42.2,40.0,40.0,90.99,110.9091,67.75,8.67,6.72
2011-01-27,133.0,115.0,73.0,88.3,51.0,56.0,42.2,40.0,40.0,90.99,111.0493,67.75,8.67,6.72
2011-01-28,133.0,115.0,73.0,88.3,51.0,56.0,42.2,40.0,40.0,90.99,111.0536,67.75,8.67,6.72
2011-01-29,133.0,115.0,73.0,88.3,51.0,56.0,42.2,40.0,40.0,90.99,111.0536,67.75,8.67,6.72
2011-01-30,133.0,115.0,73.0,88.3,51.0,56.0,42.2,40.0,40.0,90.99,111.0536,67.75,8.67,6.72
2011-01-31,133.0,115.0,73.0,88.3,51.0,56.0,42.2,40.0,40.0,90.99,111.1007,67.75,8.67,6.72
2011-02-01,133.0,115.0,73.0,88.3,51.0,56.0,42.2,40.0,40.0,97.1,111.1007,67.75,8.67,6.72
2011-02-02,133.0,115.0,73.0,88.3,51.0,56.0,42.2,40.0,40.0,97.1,111.1007,67.75,8.67,6.72
2011-02-03,133.0,115.0,73.0,88.3,51.0,56.0,42.2,40.0,40.0,97.1,111.1007,67.75,8.67,6.72
2011-02-04,133.0,115.0,73.0,88.3,51.0,56.0,42.2,40.0,40.0,97.1,111.1007,67.75,8.67,6.72
2011-02-05,133.0,115.0,73.0,88.3,51.0,56.0,42.2,40.0,40.0,97.1,111.1007,67.75,8.67,6.72
2011-02-06,133.0,115.0,73.0,88.3,51.0,56.0,42.2,40.0,40.0,97.1,111.1007,67.75,8.67,6.72
2011-02-07,133.0,115.0,73.0,88.3,51.0,56.0,42.2,40.0,40.0,97.1,110.892,67.75,8.67,6.72
2011-02-08,133.0,115.0,73.0,88.3,51.0,56.0,42.2,40.0,40.0,97.1,110.9812,67.75,8.67,6.72
2011-02-09,133.0,115.0,73.0,88.3,51.0,56.0,42.2,40.0,40.0,97.1,110.9969,67.75,8.67,6.72
2011-02-10,133.0,115.0,73.0,88.3,51.0,56.0,42.2,40.0,40.0,97.1,110.9721,67.75,8.67,6.72
2011-02-11,133.0,115.0,73.0,88.3,51.0,56.0,42.2,40.0,40.0,97.1,110.9815,67.75,8.67,6.72
2011-02-12,133.0,115.0,73.0,88.3,51.0,56.0,42.2,40.0,40.0,97.1,110.9815,67.75,8.67,6.72
2011-02-13,133.0,115.0,73.0,88.3,51.0,56.0,42.2,40.0,40.0,97.1,110.9815,67.75,8.67,6.72
2011-02-14,133.0,115.0,73.0,88.3,51.0,56.0,42.2,40.0,40.0,97.1,111.0387,67.75,8.67,6.72
2011-02-15,133.0,115.0,73.0,88.3,51.0,56.0,42.2,40.0,40.0,97.1,111.0909,67.75,8.67,6.72
2011-02-16,133.0,115.0,73.0,88.3,51.0,56.0,42.2,40.0,40.0,97.1,111.0909,67.75,8.67,6.72
2011-02-17,133.0,115.0,73.0,88.3,51.0,56.0,42.2,40.0,40.0,97.1,111.0909,67.75,8.67,6.72
2011-02-18,133.0,115.0,73.0,88.3,51.0,56.0,42.2,40.0,40.0,97.1,111.0037,67.75,8.67,6.72
2011-02-19,133.0,115.0,73.0,88.3,51.0,56.0,42.2,40.0,40.0,97.1,111.0037,67.75,8.67,6.72
2011-02-20,133.0,115.0,73.0,88.3,51.0,56.0,42.2,40.0,40.0,97.1,111.0037,67.75,8.67,6.72
2011-02-21,133.0,115.0,73.0,88.3,51.0,56.0,42.2,40.0,40.0,97.1,111.0037,67.75,8.67,6.72
2011-02-22,133.0,115.0,73.0,88.3,51.0,56.0,42.2,40.0,40.0,97.1,111.0037,67.75,8.67,6.72
2011-02-23,133.0,115.0,73.0,88.3,51.0,56.0,42.2,40.0,40.0,97.1,111.0037,67.75,8.67,6.72
2011-02-24,133.0,115.0,73.0,88.3,51.0,56.0,42.2,40.0,40.0,97.1,111.0037,67.75,8.67,6.72
2011-02-25,133.0,115.0,73.0,88.3,51.0,56.0,42.2,40.0,40.0,97.1,111.0037,67.75,8.67,6.72
2011-02-26,133.0,115.0,73.0,88.3,51.0,56.0,42.2,40.0,40.0,97.1,111.0037,67.75,8.67,6.72
2011-02-27,133.0,115.0,73.0,88.3,51.0,56.0,42.2,40.0,40.0,97.1,111.0037,67.75,8.67,6.72
2011-02-28,133.0,115.0,73.0,88.3,51.0,56.0,42.2,40.0,40.0,97.1,110.7909,67.75,8.67,6.72
2011-03-01,133.0,115.0,73.0,88.3,51.0,56.0,42.2,40.0,40.0,106.19,110.7909,67.75,8.67,6.72
2011-03-02,133.0,115.0,73.0,88.3,51.0,56.0,42.2,40.0,40.0,106.19,110.7909,67.75,8.67,6.72
2011-03-03,133.0,115.0,73.0,88.3,51.0,56.0,42.2,40.0,40.0,106.19,110.7909,67.75,8.67,6.72
2011-03-04,133.0,115.0,73.0,88.3,51.0,56.0,42.2,40.0,40.0,106.19,110.7909,67.75,8.67,6.72
2011-03-05,133.0,115.0,73.0,88.3,51.0,56.0,42.2,40.0,40.0,106.19,110.7909,67.75,8.67,6.72
2011-03-06,133.0,115.0,73.0,88.3,51.0,56.0,42.2,40.0,40.0,106.19,110.7909,67.75,8.67,6.72
2011-03-07,133.0,115.0,73.0,88.3,51.0,56.0,42.2,40.0,40.0,106.19,110.5135,67.75,8.67,6.72
2011-03-08,133.0,115.0,73.0,88.3,51.0,56.0,42.2,40.0,40.0,106.19,110.5135,67.75,8.67,6.72
2011-03-09,133.0,115.0,73.0,88.3,51.0,56.0,42.2,40.0,40.0,106.19,110.5135,67.75,8.67,6.72
2011-03-10,133.0,115.0,73.0,88.3,51.0,56.0,42.2,40.0,40.0,106.19,110.007,67.75,8.67,6.72
2011-03-11,133.0,115.0,73.0,88.3,51.0,56.0,42.2,40.0,40.0,106.19,110.0047,67.75,8.67,6.72
2011-03-12,133.0,115.0,73.0,88.3,51.0,56.0,42.2,40.0,40.0,106.19,110.0047,67.75,8.67,6.72
2011-03-13,133.0,115.0,73.0,88.3,51.0,56.0,42.2,40.0,40.0,106.19,110.0047,67.75,8.67,6.72
2011-03-14,133.0,115.0,73.0,88.3,51.0,56.0,42.2,40.0,40.0,106.19,110.0047,67.75,8.67,6.72
2011-03-15,133.0,115.0,73.0,88.3,51.0,56.0,42.2,40.0,40.0,106.19,110.1845,67.75,8.67,6.72
2011-03-16,133.0,115.0,73.0,88.3,51.0,56.0,42.2,40.0,40.0,106.19,110.3852,67.75,8.67,6.72
2011-03-17,133.0,115.0,73.0,88.3,51.0,56.0,42.2,40.0,40.0,106.19,110.332,67.75,8.67,6.72
2011-03-18,133.0,115.0,73.0,88.3,51.0,56.0,42.2,40.0,40.0,106.19,110.3397,67.75,8.67,6.72
2011-03-19,133.0,115.0,73.0,88.3,51.0,56.0,42.2,40.0,40.0,106.19,110.3397,67.75,8.67,6.72
2011-03-20,133.0,115.0,73.0,88.3,51.0,56.0,42.2,40.0,40.0,106.19,110.3397,67.75,8.67,6.72
2011-03-21,133.0,115.0,73.0,88.3,51.0,56.0,42.2,40.0,40.0,106.19,110.3638,67.75,8.67,6.72
2011-03-22,133.0,115.0,73.0,88.3,51.0,56.0,42.2,40.0,40.0,106.19,110.3873,67.75,8.67,6.72
2011-03-23,133.0,115.0,73.0,88.3,51.0,56.0,42.2,40.0,40.0,106.19,110.3683,67.75,8.67,6.72
2011-03-24,133.0,115.0,73.0,88.3,51.0,56.0,42.2,40.0,40.0,106.19,110.3891,67.75,8.67,6.72
2011-03-25,133.0,115.0,73.0,88.3,51.0,56.0,42.2,40.0,40.0,106.19,110.3928,67.75,8.67,6.72
2011-03-26,133.0,115.0,73.0,88.3,51.0,56.0,42.2,40.0,40.0,106.19,110.3928,67.75,8.67,6.72
2011-03-27,133.0,115.0,73.0,88.3,51.0,56.0,42.2,40.0,40.0,106.19,110.3928,67.75,8.67,6.72
2011-03-28,133.0,115.0,73.0,88.3,51.0,56.0,42.2,40.0,40.0,106.19,110.3578,67.75,8.67,6.72
2011-03-29,133.0,115.0,73.0,88.3,51.0,56.0,42.2,40.0,40.0,106.19,110.3923,67.75,8.67,6.72
2011-03-30,133.0,115.0,73.0,88.3,51.0,56.0,42.2,40.0,40.0,106.19,110.3987,67.75,8.67,6.72
2011-03-31,133.0,115.0,73.0,88.3,51.0,56.0,42.2,40.0,40.0,106.19,110.3929,67.75,8.67,6.72
2011-04-01,143.0,125.0,76.0,98.3,61.0,66.0,52.2,50.0,50.0,113.39,110.3969,67.75,8.67,6.72
2011-04-02,143.0,125.0,76.0,98.3,61.0,66.0,52.2,50.0,50.0,113.39,110.3969,67.75,8.67,6.72
2011-04-03,143.0,125.0,76.0,98.3,61.0,66.0,52.2,50.0,50.0,113.39,110.3969,67.75,8.67,6.72
2011-04-04,143.0,125.0,76.0,98.3,61.0,66.0,52.2,50.0,50.0,113.39,110.2816,67.75,8.67,6.72
2011-04-05,143.0,125.0,76.0,98.3,61.0,66.0,52.2,50.0,50.0,113.39,110.3963,67.75,8.67,6.72
2011-04-06,143.0,125.0,76.0,98.3,61.0,66.0,52.2,50.0,50.0,113.39,110.3592,67.75,8.67,6.72
2011-04-07,143.0,125.0,76.0,98.3,61.0,66.0,52.2,50.0,50.0,113.39,110.3592,67.75,8.67,6.72
2011-04-08,143.0,125.0,76.0,98.3,61.0,66.0,52.2,50.0,50.0,113.39,110.3592,67.75,8.67,6.72
2011-04-09,143.0,125.0,76.0,98.3,61.0,66.0,52.2,50.0,50.0,113.39,110.3592,67.75,8.67,6.72
2011-04-10,143.0,125.0,76.0,98.3,61.0,66.0,52.2,50.0,50.0,113.39,110.3592,67.75,8.67,6.72
2011-04-11,143.0,125.0,76.0,98.3,61.0,66.0,52.2,50.0,50.0,113.39,110.3789,67.75,8.67,6.72
2011-04-12,143.0,125.0,76.0,98.3,61.0,66.0,52.2,50.0,50.0,113.39,110.3112,67.75,8.67,6.72
2011-04-13,143.0,125.0,76.0,98.3,61.0,66.0,52.2,50.0,50.0,113.39,110.3112,67.75,8.67,6.72
2011-04-14,143.0,125.0,76.0,98.3,61.0,66.0,52.2,50.0,50.0,113.39,110.3112,67.75,8.67,6.72
2011-04-15,143.0,125.0,76.0,98.3,61.0,66.0,52.2,50.0,50.0,113.39,110.3112,67.75,8.67,6.72
2011-04-16,143.0,125.0,76.0,98.3,61.0,66.0,52.2,50.0,50.0,113.39,110.3112,67.75,8.67,6.72
2011-04-17,143.0,125.0,76.0,98.3,61.0,66.0,52.2,50.0,50.0,113.39,110.3112,67.75,8.67,6.72
2011-04-18,143.0,125.0,76.0,98.3,61.0,66.0,52.2,50.0,50.0,113.39,110.3731,67.75,8.67,6.72
2011-04-19,143.0,125.0,76.0,98.3,61.0,66.0,52.2,50.0,50.0,113.39,110.3842,67.75,8.67,6.72
2011-04-20,143.0,125.0,76.0,98.3,61.0,66.0,52.2,50.0,50.0,113.39,110.3852,67.75,8.67,6.72
2011-04-21,143.0,125.0,76.0,98.3,61.0,66.0,52.2,50.0,50.0,113.39,110.3004,67.75,8.67,6.72
2011-04-22,143.0,125.0,76.0,98.3,61.0,66.0,52.2,50.0,50.0,113.39,110.3004,67.75,8.67,6.72
2011-04-23,143.0,125.0,76.0,98.3,61.0,66.0,52.2,50.0,50.0,113.39,110.3004,67.75,8.67,6.72
2011-04-24,143.0,125.0,76.0,98.3,61.0,66.0,52.2,50.0,50.0,113.39,110.3004,67.75,8.67,6.72
2011-04-25,143.0,125.0,76.0,98.3,61.0,66.0,52.2,50.0,50.0,113.39,110.2025,67.75,8.67,6.72
2011-04-26,143.0,125.0,76.0,98.3,61.0,66.0,52.2,50.0,50.0,113.39,110.1952,67.75,8.67,6.72
2011-04-27,143.0,125.0,76.0,98.3,61.0,66.0,52.2,50.0,50.0,113.39,110.1952,67.75,8.67,6.72
2011-04-28,143.0,125.0,76.0,98.3,61.0,66.0,52.2,50.0,50.0,113.39,110.1582,67.75,8.67,6.72
2011-04-29,143.0,125.0,76.0,98.3,61.0,66.0,52.2,50.0,50.0,113.39,109.8512,67.75,8.67,6.72
2011-04-30,143.0,125.0,76.0,98.3,61.0,66.0,52.2,50.0,50.0,113.39,109.8512,67.75,8.67,6.72
2011-05-01,143.0,125.0,76.0,98.3,61.0,66.0,52.2,50.0,50.0,102.7,109.8512,67.75,8.67,6.72
2011-05-02,143.0,125.0,76.0,98.3,61.0,66.0,52.2,50.0,50.0,102.7,109.8512,67.75,8.67,6.72
2011-05-03,143.0,125.0,76.0,98.3,61.0,66.0,52.2,50.0,50.0,102.7,109.9071,67.75,8.67,6.72
2011-05-04,143.0,125.0,76.0,98.3,61.0,66.0,52.2,50.0,50.0,102.7,109.7815,67.75,8.67,6.72
2011-05-05,143.0,125.0,76.0,98.3,61.0,66.0,52.2,50.0,50.0,102.7,109.7434,67.75,8.67,6.72
2011-05-06,143.0,125.0,76.0,98.3,61.0,66.0,52.2,50.0,50.0,102.7,109.713,67.75,8.67,6.72
2011-05-07,143.0,125.0,76.0,98.3,61.0,66.0,52.2,50.0,50.0,102.7,109.713,67.75,8.67,6.72
2011-05-08,143.0,125.0,76.0,98.3,61.0,66.0,52.2,50.0,50.0,102.7,109.713,67.75,8.67,6.72
2011-05-09,143.0,125.0,76.0,98.3,61.0,66.0,52.2,50.0,50.0,102.7,109.7957,67.75,8.67,6.72
2011-05-10,143.0,125.0,76.0,98.3,61.0,66.0,52.2,50.0,50.0,102.7,109.7751,67.75,8.67,6.72
2011-05-11,143.0,125.0,76.0,98.3,61.0,66.0,52.2,50.0,50.0,102.7,109.7756,67.75,8.67,6.72
2011-05-12,143.0,125.0,76.0,98.3,61.0,66.0,52.2,50.0,50.0,102.7,109.7233,67.75,8.67,6.72
2011-05-13,143.0,125.0,76.0,98.3,61.0,66.0,52.2,50.0,50.0,102.7,109.7469,67.75,8.67,6.72
2011-05-14,143.0,125.0,76.0,98.3,61.0,66.0,52.2,50.0,50.0,102.7,109.7469,67.75,8.67,6.72
2011-05-15,143.0,125.0,76.0,98.3,61.0,66.0,52.2,50.0,50.0,102.7,109.7469,67.75,8.67,6.72
2011-05-16,143.0,125.0,76.0,98.3,61.0,66.0,52.2,50.0,50.0,102.7,109.7768,67.75,8.67,6.72
2011-05-17,143.0,125.0,76.0,98.3,61.0,66.0,52.2,50.0,50.0,102.7,109.7768,67.75,8.67,6.72
2011-05-18,143.0,125.0,76.0,98.3,61.0,66.0,52.2,50.0,50.0,102.7,109.7768,67.75,8.67,6.72
2011-05-19,143.0,125.0,76.0,98.3,61.0,66.0,52.2,50.0,50.0,102.7,109.7921,67.75,8.67,6.72
2011-05-20,143.0,125.0,76.0,98.3,61.0,66.0,52.2,50.0,50.0,102.7,109.7898,67.75,8.67,6.72
2011-05-21,143.0,125.0,76.0,98.3,61.0,66.0,52.2,50.0,50.0,102.7,109.7898,67.75,8.67,6.72
2011-05-22,143.0,125.0,76.0,98.3,61.0,66.0,52.2,50.0,50.0,102.7,109.7898,67.75,8.67,6.72
2011-05-23,143.0,125.0,76.0,98.3,61.0,66.0,52.2,50.0,50.0,102.7,109.7941,67.75,8.67,6.72
2011-05-24,143.0,125.0,76.0,98.3,61.0,66.0,52.2,50.0,50.0,102.7,109.8971,67.75,8.67,6.72
2011-05-25,143.0,125.0,76.0,98.3,61.0,66.0,52.2,50.0,50.0,102.7,109.8971,67.75,8.67,6.72
2011-05-26,143.0,125.0,76.0,98.3,61.0,66.0,52.2,50.0,50.0,102.7,109.8971,67.75,8.67,6.72
2011-05-27,143.0,125.0,76.0,98.3,61.0,66.0,52.2,50.0,50.0,102.7,109.8971,67.75,8.67,6.72
2011-05-28,143.0,125.0,76.0,98.3,61.0,66.0,52.2,50.0,50.0,102.7,109.8971,67.75,8.67,6.72
2011-05-29,143.0,125.0,76.0,98.3,61.0,66.0,52.2,50.0,50.0,102.7,109.8971,67.75,8.67,6.72
2011-05-30,143.0,125.0,76.0,98.3,61.0,66.0,52.2,50.0,50.0,102.7,109.8797,67.75,8.67,6.72
2011-05-31,143.0,125.0,76.0,98.3,61.0,66.0,52.2,50.0,50.0,102.7,109.7618,67.75,8.67,6.72
2011-06-01,143.0,125.0,76.0,98.3,61.0,66.0,52.2,50.0,50.0,95.3,109.6599,67.75,8.67,6.72
2011-06-02,143.0,125.0,76.0,98.3,61.0,66.0,52.2,50.0,50.0,95.3,109.6835,67.75,8.67,6.72
2011-06-03,143.0,125.0,76.0,98.3,61.0,66.0,52.2,50.0,50.0,95.3,109.7485,67.75,8.67,6.72
2011-06-04,143.0,125.0,76.0,98.3,61.0,66.0,52.2,50.0,50.0,95.3,109.7485,67.75,8.67,6.72
2011-06-05,143.0,125.0,76.0,98.3,61.0,66.0,52.2,50.0,50.0,95.3,109.7485,67.75,8.67,6.72
2011-06-06,143.0,125.0,76.0,98.3,61.0,66.0,52.2,50.0,50.0,95.3,109.7186,67.75,8.67,6.72
2011-06-07,143.0,125.0,76.0,98.3,61.0,66.0,52.2,50.0,50.0,95.3,109.6122,67.75,8.67,6.72
2011-06-08,143.0,125.0,76.0,98.3,61.0,66.0,52.2,50.0,50.0,95.3,109.6026,67.75,8.67,6.72
2011-06-09,143.0,125.0,76.0,98.3,61.0,66.0,52.2,50.0,50.0,95.3,109.4853,67.75,8.67,6.72
2011-06-10,143.0,125.0,76.0,98.3,61.0,66.0,52.2,50.0,50.0,95.3,109.4853,67.75,8.67,6.72
2011-06-11,143.0,125.0,76.0,98.3,61.0,66.0,52.2,50.0,50.0,95.3,109.4853,67.75,8.67,6.72
2011-06-12,143.0,125.0,76.0,98.3,61.0,66.0,52.2,50.0,50.0,95.3,109.4853,67.75,8.67,6.72
2011-06-13,143.0,125.0,76.0,98.3,61.0,66.0,52.2,50.0,50.0,95.3,109.4892,67.75,8.67,6.72
2011-06-14,143.0,125.0,76.0,98.3,61.0,66.0,52.2,50.0,50.0,95.3,109.4597,67.75,8.67,6.72
2011-06-15,143.0,125.0,76.0,98.3,61.0,66.0,52.2,50.0,50.0,95.3,109.4597,67.75,8.67,6.72
2011-06-16,143.0,125.0,76.0,98.3,61.0,66.0,52.2,50.0,50.0,95.3,109.5289,67.75,8.67,6.72
2011-06-17,143.0,125.0,76.0,98.3,61.0,66.0,52.2,50.0,50.0,95.3,109.5673,67.75,8.67,6.72
2011-06-18,143.0,125.0,76.0,98.3,61.0,66.0,52.2,50.0,50.0,95.3,109.5673,67.75,8.67,6.72
2011-06-19,143.0,125.0,76.0,98.3,61.0,66.0,52.2,50.0,50.0,95.3,109.5673,67.75,8.67,6.72
2011-06-20,143.0,125.0,76.0,98.3,61.0,66.0,52.2,50.0,50.0,95.3,109.5673,67.75,8.67,6.72
2011-06-21,143.0,125.0,76.0,98.3,61.0,66.0,52.2,50.0,50.0,95.3,109.5741,67.75,8.67,6.72
2011-06-22,143.0,125.0,76.0,98.3,61.0,66.0,52.2,50.0,50.0,95.3,109.5741,67.75,8.67,6.72
2011-06-23,143.0,125.0,76.0,98.3,61.0,66.0,52.2,50.0,50.0,95.3,109.5713,67.75,8.67,6.72
2011-06-24,143.0,125.0,76.0,98.3,61.0,66.0,52.2,50.0,50.0,95.3,109.5992,67.75,8.67,6.72
2011-06-25,143.0,125.0,76.0,98.3,61.0,66.0,52.2,50.0,50.0,95.3,109.5992,67.75,8.67,6.72
2011-06-26,143.0,125.0,76.0,98.3,61.0,66.0,52.2,50.0,50.0,95.3,109.5992,67.75,8.67,6.72
2011-06-27,143.0,125.0,76.0,98.3,61.0,66.0,52.2,50.0,50.0,95.3,109.5917,67.75,8.67,6.72
2011-06-28,143.0,125.0,76.0,98.3,61.0,66.0,52.2,50.0,50.0,95.3,109.5917,67.75,8.67,6.72
2011-06-29,143.0,125.0,76.0,98.3,61.0,66.0,52.2,50.0,50.0,95.3,109.6954,67.75,8.67,6.72
2011-06-30,143.0,125.0,76.0,98.3,61.0,66.0,52.2,50.0,50.0,95.3,109.6071,67.75,8.67,6.72
2011-07-01,143.0,125.0,76.0,98.3,61.0,66.0,52.2,50.0,50.0,95.68,109.5037,67.75,8.67,6.72
2011-07-02,143.0,125.0,76.0,98.3,61.0,66.0,52.2,50.0,50.0,95.68,109.5037,67.75,8.67,6.72
2011-07-03,143.0,125.0,76.0,98.3,61.0,66.0,52.2,50.0,50.0,95.68,109.5037,67.75,8.67,6.72
2011-07-04,143.0,125.0,76.0,98.3,61.0,66.0,52.2,50.0,50.0,95.68,109.5021,67.75,8.67,6.72
2011-07-05,143.0,125.0,76.0,98.3,61.0,66.0,52.2,50.0,50.0,95.68,109.4982,67.75,8.67,6.72
2011-07-06,143.0,125.0,76.0,98.3,61.0,66.0,52.2,50.0,50.0,95.68,109.4987,67.75,8.67,6.72
2011-07-07,143.0,125.0,76.0,98.3,61.0,66.0,52.2,50.0,50.0,95.68,109.4998,67.75,8.67,6.72
2011-07-08,143.0,125.0,76.0,98.3,61.0,66.0,52.2,50.0,50.0,95.68,109.5,67.75,8.67,6.72
2011-07-09,143.0,125.0,76.0,98.3,61.0,66.0,52.2,50.0,50.0,95.68,109.5,67.75,8.67,6.72
2011-07-10,143.0,125.0,76.0,98.3,61.0,66.0,52.2,50.0,50.0,95.68,109.5,67.75,8.67,6.72
2011-07-11,143.0,125.0,76.0,98.3,61.0,66.0,52.2,50.0,50.0,95.68,109.4995,67.75,8.67,6.72
2011-07-12,143.0,125.0,76.0,98.3,61.0,66.0,52.2,50.0,50.0,95.68,109.5,67.75,8.67,6.72
2011-07-13,143.0,125.0,76.0,98.3,61.0,66.0,52.2,50.0,50.0,95.68,109.5748,67.75,8.67,6.72
2011-07-14,143.0,125.0,76.0,98.3,61.0,66.0,52.2,50.0,50.0,95.68,109.5748,67.75,8.67,6.72
2011-07-15,143.0,125.0,76.0,98.3,61.0,66.0,52.2,50.0,50.0,95.68,109.6,67.75,8.67,6.72
2011-07-16,143.0,125.0,76.0,98.3,61.0,66.0,52.2,50.0,50.0,95.68,109.6,67.75,8.67,6.72
2011-07-17,143.0,125.0,76.0,98.3,61.0,66.0,52.2,50.0,50.0,95.68,109.6,67.75,8.67,6.72
2011-07-18,143.0,125.0,76.0,98.3,61.0,66.0,52.2,50.0,50.0,95.68,109.4967,67.75,8.67,6.72
2011-07-19,143.0,125.0,76.0,98.3,61.0,66.0,52.2,50.0,50.0,95.68,109.4981,67.75,8.67,6.72
2011-07-20,143.0,125.0,76.0,98.3,61.0,66.0,52.2,50.0,50.0,95.68,109.4968,67.75,8.67,6.72
2011-07-21,143.0,125.0,76.0,98.3,61.0,66.0,52.2,50.0,50.0,95.68,109.496,67.75,8.67,6.72
2011-07-22,143.0,125.0,76.0,98.3,61.0,66.0,52.2,50.0,50.0,95.68,109.485,67.75,8.67,6.72
2011-07-23,143.0,125.0,76.0,98.3,61.0,66.0,52.2,50.0,50.0,95.68,109.485,67.75,8.67,6.72
2011-07-24,143.0,125.0,76.0,98.3,61.0,66.0,52.2,50.0,50.0,95.68,109.485,67.75,8.67,6.72
2011-07-25,143.0,125.0,76.0,98.3,61.0,66.0,52.2,50.0,50.0,95.68,109.4642,67.75,8.67,6.72
2011-07-26,143.0,125.0,76.0,98.3,61.0,66.0,52.2,50.0,50.0,95.68,109.4919,67.75,8.67,6.72
2011-07-27,143.0,125.0,76.0,98.3,61.0,66.0,52.2,50.0,50.0,95.68,109.4883,67.75,8.67,6.72
2011-07-28,143.0,125.0,76.0,98.3,61.0,66.0,52.2,50.0,50.0,95.68,109.4665,67.75,8.67,6.72
2011-07-29,143.0,125.0,76.0,98.3,61.0,66.0,52.2,50.0,50.0,95.68,109.4881,67.75,8.67,6.72
2011-07-30,143.0,125.0,76.0,98.3,61.0,66.0,52.2,50.0,50.0,95.68,109.4881,67.75,8.67,6.72
2011-07-31,143.0,125.0,76.0,98.3,61.0,66.0,52.2,50.0,50.0,95.68,109.4881,67.75,8.67,6.72
2011-08-01,143.0,125.0,76.0,98.3,61.0,66.0,52.2,50.0,50.0,88.81,109.4789,67.75,8.67,6.72
2011-08-02,143.0,125.0,76.0,98.3,61.0,66.0,52.2,50.0,50.0,88.81,109.4944,67.75,8.67,6.72
2011-08-03,143.0,125.0,76.0,98.3,61.0,66.0,52.2,50.0,50.0,88.81,109.5813,67.75,8.67,6.72
2011-08-04,143.0,125.0,76.0,98.3,61.0,66.0,52.2,50.0,50.0,88.81,109.6669,67.75,8.67,6.72
2011-08-05,143.0,125.0,76.0,98.3,61.0,66.0,52.2,50.0,50.0,88.81,109.6625,67.75,8.67,6.72
2011-08-06,143.0,125.0,76.0,98.3,61.0,66.0,52.2,50.0,50.0,88.81,109.6625,67.75,8.67,6.72
2011-08-07,143.0,125.0,76.0,98.3,61.0,66.0,52.2,50.0,50.0,88.81,109.6625,67.75,8.67,6.72
2011-08-08,143.0,125.0,76.0,98.3,61.0,66.0,52.2,50.0,50.0,88.81,109.7149,67.75,8.67,6.72
2011-08-09,143.0,125.0,76.0,98.3,61.0,66.0,52.2,50.0,50.0,88.81,109.7747,67.75,8.67,6.72
2011-08-10,143.0,125.0,76.0,98.3,61.0,66.0,52.2,50.0,50.0,88.81,109.7871,67.75,8.67,6.72
2011-08-11,143.0,125.0,76.0,98.3,61.0,66.0,52.2,50.0,50.0,88.81,109.7393,67.75,8.67,6.72
2011-08-12,143.0,125.0,76.0,98.3,61.0,66.0,52.2,50.0,50.0,88.81,109.7137,67.75,8.67,6.72
2011-08-13,143.0,125.0,76.0,98.3,61.0,66.0,52.2,50.0,50.0,88.81,109.7137,67.75,8.67,6.72
2011-08-14,143.0,125.0,76.0,98.3,61.0,66.0,52.2,50.0,50.0,88.81,109.7137,67.75,8.67,6.72
2011-08-15,143.0,125.0,76.0,98.3,61.0,66.0,52.2,50.0,50.0,88.81,109.6805,67.75,8.67,6.72
2011-08-16,143.0,125.0,76.0,98.3,61.0,66.0,52.2,50.0,50.0,88.81,109.8082,67.75,8.67,6.72
2011-08-17,143.0,125.0,76.0,98.3,61.0,66.0,52.2,50.0,50.0,88.81,109.8082,67.75,8.67,6.72
2011-08-18,143.0,125.0,76.0,98.3,61.0,66.0,52.2,50.0,50.0,88.81,109.9,67.75,8.67,6.72
2011-08-19,143.0,125.0,76.0,98.3,61.0,66.0,52.2,50.0,50.0,88.81,109.9277,67.75,8.67,6.72
2011-08-20,143.0,125.0,76.0,98.3,61.0,66.0,52.2,50.0,50.0,88.81,109.9277,67.75,8.67,6.72
2011-08-21,143.0,125.0,76.0,98.3,61.0,66.0,52.2,50.0,50.0,88.81,109.9277,67.75,8.67,6.72
2011-08-22,143.0,125.0,76.0,98.3,61.0,66.0,52.2,50.0,50.0,88.81,109.9716,67.75,8.67,6.72
2011-08-23,143.0,125.0,76.0,98.3,61.0,66.0,52.2,50.0,50.0,88.81,109.9712,67.75,8.67,6.72
2011-08-24,143.0,125.0,76.0,98.3,61.0,66.0,52.2,50.0,50.0,88.81,109.9844,67.75,8.67,6.72
2011-08-25,143.0,125.0,76.0,98.3,61.0,66.0,52.2,50.0,50.0,88.81,109.9844,67.75,8.67,6.72
2011-08-26,143.0,125.0,76.0,98.3,61.0,66.0,52.2,50.0,50.0,88.81,109.9844,67.75,8.67,6.72
2011-08-27,143.0,125.0,76.0,98.3,61.0,66.0,52.2,50.0,50.0,88.81,109.9844,67.75,8.67,6.72
2011-08-28,143.0,125.0,76.0,98.3,61.0,66.0,52.2,50.0,50.0,88.81,109.9844,67.75,8.67,6.72
2011-08-29,143.0,125.0,76.0,98.3,61.0,66.0,52.2,50.0,50.0,88.81,109.9907,67.75,8.67,6.72
2011-08-30,143.0,125.0,76.0,98.3,61.0,66.0,52.2,50.0,50.0,88.81,109.8934,67.75,8.67,6.72
2011-08-31,143.0,125.0,76.0,98.3,61.0,66.0,52.2,50.0,50.0,88.81,109.8934,67.75,8.67,6.72
2011-09-01,143.0,125.0,76.0,98.3,61.0,66.0,52.2,50.0,50.0,78.93,109.8998,67.75,8.67,6.72
2011-09-02,143.0,125.0,76.0,98.3,61.0,66.0,52.2,50.0,50.0,78.93,109.8998,67.75,8.67,6.72
2011-09-03,143.0,125.0,76.0,98.3,61.0,66.0,52.2,50.0,50.0,78.93,109.8998,67.75,8.67,6.72
2011-09-04,143.0,125.0,76.0,98.3,61.0,66.0,52.2,50.0,50.0,78.93,109.8998,67.75,8.67,6.72
2011-09-05,143.0,125.0,76.0,98.3,61.0,66.0,52.2,50.0,50.0,78.93,109.9931,67.75,8.67,6.72
2011-09-06,143.0,125.0,76.0,98.3,61.0,66.0,52.2,50.0,50.0,78.93,110.089,67.75,8.67,6.72
2011-09-07,143.0,125.0,76.0,98.3,61.0,66.0,52.2,50.0,50.0,78.93,110.1031,67.75,8.67,6.72
2011-09-08,143.0,125.0,76.0,98.3,61.0,66.0,52.2,50.0,50.0,78.93,110.1931,67.75,8.67,6.72
2011-09-09,143.0,125.0,76.0,98.3,61.0,66.0,52.2,50.0,50.0,78.93,110.1931,67.75,8.67,6.72
2011-09-10,143.0,125.0,76.0,98.3,61.0,66.0,52.2,50.0,50.0,78.93,110.1931,67.75,8.67,6.72
2011-09-11,143.0,125.0,76.0,98.3,61.0,66.0,52.2,50.0,50.0,78.93,110.1931,67.75,8.67,6.72
2011-09-12,143.0,125.0,76.0,98.3,61.0,66.0,52.2,50.0,50.0,78.93,110.1116,67.75,8.67,6.72
2011-09-13,143.0,125.0,76.0,98.3,61.0,66.0,52.2,50.0,50.0,78.93,110.0893,67.75,8.67,6.72
2011-09-14,143.0,125.0,76.0,98.3,61.0,66.0,52.2,50.0,50.0,78.93,110.1,67.75,8.67,6.72
2011-09-15,143.0,125.0,76.0,98.3,61.0,66.0,52.2,50.0,50.0,78.93,110.0783,67.75,8.67,6.72
2011-09-16,143.0,125.0,76.0,98.3,61.0,66.0,52.2,50.0,50.0,78.93,110.0862,67.75,8.67,6.72
2011-09-17,143.0,125.0,76.0,98.3,61.0,66.0,52.2,50.0,50.0,78.93,110.0862,67.75,8.67,6.72
2011-09-18,143.0,125.0,76.0,98.3,61.0,66.0,52.2,50.0,50.0,78.93,110.0862,67.75,8.67,6.72
2011-09-19,143.0,125.0,76.0,98.3,61.0,66.0,52.2,50.0,50.0,78.93,110.0936,67.75,8.67,6.72
2011-09-20,143.0,125.0,76.0,98.3,61.0,66.0,52.2,50.0,50.0,78.93,110.1,67.75,8.67,6.72
2011-09-21,143.0,125.0,76.0,98.3,61.0,66.0,52.2,50.0,50.0,78.93,110.1,67.75,8.67,6.72
2011-09-22,143.0,125.0,76.0,98.3,61.0,66.0,52.2,50.0,50.0,78.93,110.1853,67.75,8.67,6.72
2011-09-23,143.0,125.0,76.0,98.3,61.0,66.0,52.2,50.0,50.0,78.93,110.2953,67.75,8.67,6.72
2011-09-24,143.0,125.0,76.0,98.3,61.0,66.0,52.2,50.0,50.0,78.93,110.2953,67.75,8.67,6.72
2011-09-25,143.0,125.0,76.0,98.3,61.0,66.0,52.2,50.0,50.0,78.93,110.2953,67.75,8.67,6.72
2011-09-26,143.0,125.0,76.0,98.3,61.0,66.0,52.2,50.0,50.0,78.93,110.3,67.75,8.67,6.72
2011-09-27,143.0,125.0,76.0,98.3,61.0,66.0,52.2,50.0,50.0,78.93,110.3,67.75,8.67,6.72
2011-09-28,143.0,125.0,76.0,98.3,61.0,66.0,52.2,50.0,50.0,78.93,110.2995,67.75,8.67,6.72
2011-09-29,143.0,125.0,76.0,98.3,61.0,66.0,52.2,50.0,50.0,78.93,110.1958,67.75,8.67,6.72
2011-09-30,143.0,125.0,76.0,98.3,61.0,66.0,52.2,50.0,50.0,78.93,110.192,67.75,8.67,6.72
2011-10-01,143.0,125.0,76.0,98.3,61.0,66.0,52.2,50.0,50.0,93.19,110.192,67.75,8.67,6.72
2011-10-02,143.0,125.0,76.0,98.3,61.0,66.0,52.2,50.0,50.0,93.19,110.192,67.75,8.67,6.72
2011-10-03,143.0,125.0,76.0,98.3,61.0,66.0,52.2,50.0,50.0,93.19,110.1927,67.75,8.67,6.72
2011-10-04,143.0,125.0,76.0,98.3,61.0,66.0,52.2,50.0,50.0,93.19,110.1988,67.75,8.67,6.72
2011-10-05,143.0,125.0,76.0,98.3,61.0,66.0,52.2,50.0,50.0,93.19,110.1992,67.75,8.67,6.72
2011-10-06,143.0,125.0,76.0,98.3,61.0,66.0,52.2,50.0,50.0,93.19,110.1992,67.75,8.67,6.72
2011-10-07,143.0,125.0,76.0,98.3,61.0,66.0,52.2,50.0,50.0,93.19,110.1992,67.75,8.67,6.72
2011-10-08,143.0,125.0,76.0,98.3,61.0,66.0,52.2,50.0,50.0,93.19,110.1992,67.75,8.67,6.72
2011-10-09,143.0,125.0,76.0,98.3,61.0,66.0,52.2,50.0,50.0,93.19,110.1992,67.75,8.67,6.72
2011-10-10,143.0,125.0,76.0,98.3,61.0,66.0,52.2,50.0,50.0,93.19,110.1992,67.75,8.67,6.72
2011-10-11,143.0,125.0,76.0,98.3,61.0,66.0,52.2,50.0,50.0,93.19,110.1992,67.75,8.67,6.72
2011-10-12,143.0,125.0,76.0,98.3,61.0,66.0,52.2,50.0,50.0,93.19,110.1903,67.75,8.67,6.72
2011-10-13,143.0,125.0,76.0,98.3,61.0,66.0,52.2,50.0,50.0,93.19,110.1986,67.75,8.67,6.72
2011-10-14,143.0,125.0,76.0,98.3,61.0,66.0,52.2,50.0,50.0,93.19,110.1986,67.75,8.67,6.72
2011-10-15,143.0,125.0,76.0,98.3,61.0,66.0,52.2,50.0,50.0,93.19,110.1986,67.75,8.67,6.72
2011-10-16,143.0,125.0,76.0,98.3,61.0,66.0,52.2,50.0,50.0,93.19,110.1986,67.75,8.67,6.72
2011-10-17,143.0,125.0,76.0,98.3,61.0,66.0,52.2,50.0,50.0,93.19,110.2,67.75,8.67,6.72
2011-10-18,143.0,125.0,76.0,98.3,61.0,66.0,52.2,50.0,50.0,93.19,110.1957,67.75,8.67,6.72
2011-10-19,143.0,125.0,76.0,98.3,61.0,66.0,52.2,50.0,50.0,93.19,110.1982,67.75,8.67,6.72
2011-10-20,143.0,125.0,76.0,98.3,61.0,66.0,52.2,50.0,50.0,93.19,110.1979,67.75,8.67,6.72
2011-10-21,143.0,125.0,76.0,98.3,61.0,66.0,52.2,50.0,50.0,93.19,110.2,67.75,8.67,6.72
2011-10-22,143.0,125.0,76.0,98.3,61.0,66.0,52.2,50.0,50.0,93.19,110.2,67.75,8.67,6.72
2011-10-23,143.0,125.0,76.0,98.3,61.0,66.0,52.2,50.0,50.0,93.19,110.2,67.75,8.67,6.72
2011-10-24,143.0,125.0,76.0,98.3,61.0,66.0,52.2,50.0,50.0,93.19,110.2,67.75,8.67,6.72
2011-10-25,143.0,125.0,76.0,98.3,61.0,66.0,52.2,50.0,50.0,93.19,110.2,67.75,8.67,6.72
2011-10-26,143.0,125.0,76.0,98.3,61.0,66.0,52.2,50.0,50.0,93.19,110.2,67.75,8.67,6.72
2011-10-27,143.0,125.0,76.0,98.3,61.0,66.0,52.2,50.0,50.0,93.19,110.2,67.75,8.67,6.72
2011-10-28,143.0,125.0,76.0,98.3,61.0,66.0,52.2,50.0,50.0,93.19,110.2,67.75,8.67,6.72
2011-10-29,143.0,125.0,76.0,98.3,61.0,66.0,52.2,50.0,50.0,93.19,110.2,67.75,8.67,6.72
2011-10-30,155.0,137.0,84.0,106.3,71.0,76.0,52.2,50.0,50.0,93.19,110.2,67.75,8.67,6.72
2011-10-31,155.0,137.0,84.0,106.3,71.0,76.0,52.2,50.0,50.0,93.19,110.2,67.75,8.67,6.72
2011-11-01,155.0,137.0,84.0,106.3,71.0,76.0,52.2,50.0,50.0,100.36,110.2,67.75,8.67,6.72
2011-11-02,155.0,137.0,84.0,106.3,71.0,76.0,52.2,50.0,50.0,100.36,110.2,67.75,8.67,6.72
2011-11-03,155.0,137.0,84.0,106.3,71.0,76.0,52.2,50.0,50.0,100.36,110.2,67.75,8.67,6.72
2011-11-04,155.0,137.0,84.0,106.3,71.0,76.0,52.2,50.0,50.0,100.36,110.2,67.75,8.67,6.72
2011-11-05,155.0,137.0,84.0,106.3,71.0,76.0,52.2,50.0,50.0,100.36,110.2,67.75,8.67,6.72
2011-11-06,155.0,137.0,84.0,106.3,71.0,76.0,52.2,50.0,50.0,100.36,110.2,67.75,8.67,6.72
2011-11-07,155.0,137.0,84.0,106.3,71.0,76.0,52.2,50.0,50.0,100.36,110.2,67.75,8.67,6.72
2011-11-08,155.0,137.0,84.0,106.3,71.0,76.0,52.2,50.0,50.0,100.36,110.2,67.75,8.67,6.72
2011-11-09,155.0,137.0,84.0,106.3,71.0,76.0,52.2,50.0,50.0,100.36,110.2,67.75,8.67,6.72
2011-11-10,155.0,137.0,84.0,106.3,71.0,76.0,52.2,50.0,50.0,100.36,110.2,67.75,8.67,6.72
2011-11-11,155.0,137.0,84.0,106.3,71.0,76.0,52.2,50.0,50.0,100.36,110.2,67.75,8.67,6.72
2011-11-12,155.0,137.0,84.0,106.3,71.0,76.0,52.2,50.0,50.0,100.36,110.2,67.75,8.67,6.72
2011-11-13,155.0,137.0,84.0,106.3,71.0,76.0,52.2,50.0,50.0,100.36,110.2,67.75,8.67,6.72
2011-11-14,155.0,137.0,84.0,106.3,71.0,76.0,52.2,50.0,50.0,100.36,110.2,67.75,8.67,6.72
2011-11-15,155.0,137.0,84.0,106.3,71.0,76.0,52.2,50.0,50.0,100.36,110.2,67.75,8.67,6.72
2011-11-16,155.0,137.0,84.0,106.3,71.0,76.0,52.2,50.0,50.0,100.36,110.2,67.75,8.67,6.72
2011-11-17,155.0,137.0,84.0,106.3,71.0,76.0,52.2,50.0,50.0,100.36,110.2,67.75,8.67,6.72
2011-11-18,155.0,137.0,84.0,106.3,71.0,76.0,52.2,50.0,50.0,100.36,110.2,67.75,8.67,6.72
2011-11-19,155.0,137.0,84.0,106.3,71.0,76.0,52.2,50.0,50.0,100.36,110.2,67.75,8.67,6.72
2011-11-20,155.0,137.0,84.0,106.3,71.0,76.0,52.2,50.0,50.0,100.36,110.2,67.75,8.67,6.72
2011-11-21,155.0,137.0,84.0,106.3,71.0,76.0,52.2,50.0,50.0,100.36,110.2,67.75,8.67,6.72
2011-11-22,155.0,137.0,84.0,106.3,71.0,76.0,52.2,50.0,50.0,100.36,110.2,67.75,8.67,6.72
2011-11-23,155.0,137.0,84.0,106.3,71.0,76.0,52.2,50.0,50.0,100.36,110.2,67.75,8.67,6.72
2011-11-24,155.0,137.0,84.0,106.3,71.0,76.0,52.2,50.0,50.0,100.36,114.049,67.75,8.67,6.72
2011-11-25,155.0,137.0,84.0,106.3,71.0,76.0,52.2,50.0,50.0,100.36,114.049,67.75,8.67,6.72
2011-11-26,155.0,137.0,84.0,106.3,71.0,76.0,52.2,50.0,50.0,100.36,114.049,67.75,8.67,6.72
2011-11-27,155.0,137.0,84.0,106.3,71.0,76.0,52.2,50.0,50.0,100.36,114.049,67.75,8.67,6.72
2011-11-28,155.0,137.0,84.0,106.3,71.0,76.0,52.2,50.0,50.0,100.36,114.049,67.75,8.67,6.72
2011-11-29,155.0,137.0,84.0,106.3,71.0,76.0,52.2,50.0,50.0,100.36,114.049,67.75,8.67,6.72
2011-11-30,155.0,137.0,84.0,106.3,71.0,76.0,52.2,50.0,50.0,100.36,114.049,67.75,8.67,6.72
2011-12-01,155.0,137.0,84.0,106.3,71.0,76.0,52.2,50.0,50.0,98.83,113.8992,67.75,8.67,6.72
2011-12-02,155.0,137.0,84.0,106.3,71.0,76.0,52.2,50.0,50.0,98.83,113.9,67.75,8.67,6.72
2011-12-03,155.0,137.0,84.0,106.3,71.0,76.0,52.2,50.0,50.0,98.83,113.9,67.75,8.67,6.72
2011-12-04,155.0,137.0,84.0,106.3,71.0,76.0,52.2,50.0,50.0,98.83,113.9,67.75,8.67,6.72
2011-12-05,155.0,137.0,84.0,106.3,71.0,76.0,52.2,50.0,50.0,98.83,113.9,67.75,8.67,6.72
2011-12-06,155.0,137.0,84.0,106.3,71.0,76.0,52.2,50.0,50.0,98.83,113.9,67.75,8.67,6.72
2011-12-07,155.0,137.0,84.0,106.3,71.0,76.0,52.2,50.0,50.0,98.83,113.9,67.75,8.67,6.72
2011-12-08,155.0,137.0,84.0,106.3,71.0,76.0,52.2,50.0,50.0,98.83,113.8997,67.75,8.67,6.72
2011-12-09,155.0,137.0,84.0,106.3,71.0,76.0,52.2,50.0,50.0,98.83,113.8976,67.75,8.67,6.72
2011-12-10,155.0,137.0,84.0,106.3,71.0,76.0,52.2,50.0,50.0,98.83,113.8976,67.75,8.67,6.72
2011-12-11,155.0,137.0,84.0,106.3,71.0,76.0,52.2,50.0,50.0,98.83,113.8976,67.75,8.67,6.72
2011-12-12,155.0,137.0,84.0,106.3,71.0,76.0,52.2,50.0,50.0,98.83,113.8997,67.75,8.67,6.72
2011-12-13,155.0,137.0,84.0,106.3,71.0,76.0,52.2,50.0,50.0,98.83,113.8979,67.75,8.67,6.72
2011-12-14,155.0,137.0,84.0,106.3,71.0,76.0,52.2,50.0,50.0,98.83,113.9006,67.75,8.67,6.72
2011-12-15,155.0,137.0,84.0,106.3,71.0,76.0,52.2,50.0,50.0,98.83,113.9,67.75,8.67,6.72
2011-12-16,155.0,137.0,84.0,106.3,71.0,76.0,52.2,50.0,50.0,98.83,113.9,67.75,8.67,6.72
2011-12-17,155.0,137.0,84.0,106.3,71.0,76.0,52.2,50.0,50.0,98.83,113.9,67.75,8.67,6.72
2011-12-18,155.0,137.0,84.0,106.3,71.0,76.0,52.2,50.0,50.0,98.83,113.9,67.75,8.67,6.72
2011-12-19,155.0,137.0,84.0,106.3,71.0,76.0,52.2,50.0,50.0,98.83,113.9,67.75,8.67,6.72
2011-12-20,155.0,137.0,84.0,106.3,71.0,76.0,52.2,50.0,50.0,98.83,113.9,67.75,8.67,6.72
2011-12-21,155.0,137.0,84.0,106.3,71.0,76.0,52.2,50.0,50.0,98.83,113.9,67.75,8.67,6.72
2011-12-22,155.0,137.0,84.0,106.3,71.0,76.0,52.2,50.0,50.0,98.83,113.9,67.75,8.67,6.72
2011-12-23,155.0,137.0,84.0,106.3,71.0,76.0,52.2,50.0,50.0,98.83,113.9,67.75,8.67,6.72
2011-12-24,155.0,137.0,84.0,106.3,71.0,76.0,52.2,50.0,50.0,98.83,113.9,67.75,8.67,6.72
2011-12-25,155.0,137.0,84.0,106.3,71.0,76.0,52.2,50.0,50.0,98.83,113.9,67.75,8.67,6.72
2011-12-26,155.0,137.0,84.0,106.3,71.0,76.0,52.2,50.0,50.0,98.83,113.9,67.75,8.67,6.72
2011-12-27,155.0,137.0,84.0,106.3,71.0,76.0,52.2,50.0,50.0,98.83,113.9,67.75,8.67,6.72
2011-12-28,155.0,137.0,84.0,106.3,71.0,76.0,52.2,50.0,50.0,98.83,113.9,67.75,8.67,6.72
2011-12-29,155.0,137.0,84.0,106.3,71.0,76.0,52.2,50.0,50.0,98.83,113.9,67.75,8.67,6.72
2011-12-30,155.0,137.0,84.0,106.3,71.0,76.0,52.2,50.0,50.0,98.83,113.9,67.75,8.67,6.72
2011-12-31,155.0,137.0,84.0,106.3,71.0,76.0,52.2,50.0,50.0,98.83,113.9,67.75,8.67,6.72
2012-01-01,155.0,137.0,84.0,106.3,71.0,76.0,52.2,50.0,50.0,98.46,113.9,70.45,8.63,7.54
2012-01-02,155.0,137.0,84.0,106.3,71.0,76.0,52.2,50.0,50.0,98.46,113.8999,70.45,8.63,7.54
2012-01-03,155.0,137.0,84.0,106.3,71.0,76.0,52.2,50.0,50.0,98.46,113.8998,70.45,8.63,7.54
2012-01-04,155.0,137.0,84.0,106.3,71.0,76.0,52.2,50.0,50.0,98.46,113.9,70.45,8.63,7.54
2012-01-05,155.0,137.0,84.0,106.3,71.0,76.0,52.2,50.0,50.0,98.46,113.9,70.45,8.63,7.54
2012-01-06,155.0,137.0,84.0,106.3,71.0,76.0,52.2,50.0,50.0,98.46,113.8998,70.45,8.63,7.54
2012-01-07,155.0,137.0,84.0,106.3,71.0,76.0,52.2,50.0,50.0,98.46,113.8998,70.45,8.63,7.54
2012-01-08,155.0,137.0,84.0,106.3,71.0,76.0,52.2,50.0,50.0,98.46,113.8998,70.45,8.63,7.54
2012-01-09,155.0,137.0,84.0,106.3,71.0,76.0,52.2,50.0,50.0,98.46,113.9,70.45,8.63,7.54
2012-01-10,155.0,137.0,84.0,106.3,71.0,76.0,52.2,50.0,50.0,98.46,113.9,70.45,8.63,7.54
2012-01-11,155.0,137.0,84.0,106.3,71.0,76.0,52.2,50.0,50.0,98.46,113.9,70.45,8.63,7.54
2012-01-12,155.0,137.0,84.0,106.3,71.0,76.0,52.2,50.0,50.0,98.46,113.8984,70.45,8.63,7.54
2012-01-13,155.0,137.0,84.0,106.3,71.0,76.0,52.2,50.0,50.0,98.46,113.9,70.45,8.63,7.54
2012-01-14,155.0,137.0,84.0,106.3,71.0,76.0,52.2,50.0,50.0,98.46,113.9,70.45,8.63,7.54
2012-01-15,155.0,137.0,84.0,106.3,71.0,76.0,52.2,50.0,50.0,98.46,113.9,70.45,8.63,7.54
2012-01-16,155.0,137.0,84.0,106.3,71.0,76.0,52.2,50.0,50.0,98.46,113.9,70.45,8.63,7.54
2012-01-17,155.0,137.0,84.0,106.3,71.0,76.0,52.2,50.0,50.0,98.46,113.8987,70.45,8.63,7.54
2012-01-18,155.0,137.0,84.0,106.3,71.0,76.0,52.2,50.0,50.0,98.46,113.8996,70.45,8.63,7.54
2012-01-19,155.0,137.0,84.0,106.3,71.0,76.0,52.2,50.0,50.0,98.46,113.9,70.45,8.63,7.54
2012-01-20,155.0,137.0,84.0,106.3,71.0,76.0,52.2,50.0,50.0,98.46,113.9025,70.45,8.63,7.54
2012-01-21,155.0,137.0,84.0,106.3,71.0,76.0,52.2,50.0,50.0,98.46,113.9025,70.45,8.63,7.54
2012-01-22,155.0,137.0,84.0,106.3,71.0,76.0,52.2,50.0,50.0,98.46,113.9025,70.45,8.63,7.54
2012-01-23,155.0,137.0,84.0,106.3,71.0,76.0,52.2,50.0,50.0,98.46,113.9,70.45,8.63,7.54
2012-01-24,155.0,137.0,84.0,106.3,71.0,76.0,52.2,50.0,50.0,98.46,113.9,70.45,8.63,7.54
2012-01-25,155.0,137.0,84.0,106.3,71.0,76.0,52.2,50.0,50.0,98.46,113.9,70.45,8.63,7.54
2012-01-26,155.0,137.0,84.0,106.3,71.0,76.0,52.2,50.0,50.0,98.46,113.8988,70.45,8.63,7.54
2012-01-27,155.0,137.0,84.0,106.3,71.0,76.0,52.2,50.0,50.0,98.46,113.9,70.45,8.63,7.54
2012-01-28,155.0,137.0,84.0,106.3,71.0,76.0,52.2,50.0,50.0,98.46,113.9,70.45,8.63,7.54
2012-01-29,155.0,137.0,84.0,106.3,71.0,76.0,52.2,50.0,50.0,98.46,113.9,70.45,8.63,7.54
2012-01-30,155.0,137.0,84.0,106.3,71.0,76.0,52.2,50.0,50.0,98.46,113.8954,70.45,8.63,7.54
2012-01-31,155.0,137.0,84.0,106.3,71.0,76.0,52.2,50.0,50.0,98.46,113.9,70.45,8.63,7.54
2012-02-01,155.0,137.0,84.0,106.3,71.0,76.0,52.2,50.0,50.0,107.08,113.8997,70.45,8.63,7.54
2012-02-02,155.0,137.0,84.0,106.3,71.0,76.0,52.2,50.0,50.0,107.08,113.8984,70.45,8.63,7.54
2012-02-03,155.0,137.0,84.0,106.3,71.0,76.0,52.2,50.0,50.0,107.08,113.8996,70.45,8.63,7.54
2012-02-04,155.0,137.0,84.0,106.3,71.0,76.0,52.2,50.0,50.0,107.08,113.8996,70.45,8.63,7.54
2012-02-05,155.0,137.0,84.0,106.3,71.0,76.0,52.2,50.0,50.0,107.08,113.8996,70.45,8.63,7.54
2012-02-06,155.0,137.0,84.0,106.3,71.0,76.0,52.2,50.0,50.0,107.08,114.0592,70.45,8.63,7.54
2012-02-07,155.0,137.0,84.0,106.3,71.0,76.0,52.2,50.0,50.0,107.08,114.0592,70.45,8.63,7.54
2012-02-08,155.0,137.0,84.0,106.3,71.0,76.0,52.2,50.0,50.0,107.08,114.2906,70.45,8.63,7.54
2012-02-09,155.0,137.0,84.0,106.3,71.0,76.0,52.2,50.0,50.0,107.08,114.2906,70.45,8.63,7.54
2012-02-10,155.0,137.0,84.0,106.3,71.0,76.0,52.2,50.0,50.0,107.08,114.2906,70.45,8.63,7.54
2012-02-11,155.0,137.0,84.0,106.3,71.0,76.0,52.2,50.0,50.0,107.08,114.2906,70.45,8.63,7.54
2012-02-12,167.0,149.0,115.0,142.0,106.0,111.0,92.2,90.0,90.0,107.08,114.2906,70.45,8.63,7.54
2012-02-13,167.0,149.0,115.0,142.0,106.0,111.0,92.2,90.0,90.0,107.08,114.9382,70.45,8.63,7.54
2012-02-14,167.0,149.0,115.0,142.0,106.0,111.0,92.2,90.0,90.0,107.08,116.1085,70.45,8.63,7.54
2012-02-15,167.0,149.0,115.0,142.0,106.0,111.0,92.2,90.0,90.0,107.08,119.1514,70.45,8.63,7.54
2012-02-16,167.0,149.0,115.0,142.0,106.0,111.0,92.2,90.0,90.0,107.08,119.8908,70.45,8.63,7.54
2012-02-17,167.0,149.0,115.0,142.0,106.0,111.0,92.2,90.0,90.0,107.08,119.3708,70.45,8.63,7.54
2012-02-18,167.0,149.0,115.0,142.0,106.0,111.0,92.2,90.0,90.0,107.08,119.3708,70.45,8.63,7.54
2012-02-19,167.0,149.0,115.0,142.0,106.0,111.0,92.2,90.0,90.0,107.08,119.3708,70.45,8.63,7.54
2012-02-20,167.0,149.0,115.0,142.0,106.0,111.0,92.2,90.0,90.0,107.08,119.3708,70.45,8.63,7.54
2012-02-21,167.0,149.0,115.0,142.0,106.0,111.0,92.2,90.0,90.0,107.08,118.5696,70.45,8.63,7.54
2012-02-22,167.0,149.0,115.0,142.0,106.0,111.0,92.2,90.0,90.0,107.08,118.4706,70.45,8.63,7.54
2012-02-23,167.0,149.0,115.0,142.0,106.0,111.0,92.2,90.0,90.0,107.08,118.6797,70.45,8.63,7.54
2012-02-24,167.0,149.0,115.0,142.0,106.0,111.0,92.2,90.0,90.0,107.08,119.1422,70.45,8.63,7.54
2012-02-25,167.0,149.0,115.0,142.0,106.0,111.0,92.2,90.0,90.0,107.08,119.1422,70.45,8.63,7.54
2012-02-26,167.0,149.0,115.0,142.0,106.0,111.0,92.2,90.0,90.0,107.08,119.1422,70.45,8.63,7.54
2012-02-27,167.0,149.0,115.0,142.0,106.0,111.0,92.2,90.0,90.0,107.08,119.8025,70.45,8.63,7.54
2012-02-28,167.0,149.0,115.0,142.0,106.0,111.0,92.2,90.0,90.0,107.08,120.5922,70.45,8.63,7.54
2012-02-29,167.0,149.0,115.0,142.0,106.0,111.0,92.2,90.0,90.0,107.08,121.1198,70.45,8.63,7.54
2012-03-01,167.0,149.0,115.0,142.0,106.0,111.0,92.2,90.0,90.0,103.03,121.907,70.45,8.63,7.54
2012-03-02,167.0,149.0,115.0,142.0,106.0,111.0,92.2,90.0,90.0,103.03,122.0764,70.45,8.63,7.54
2012-03-03,167.0,149.0,115.0,142.0,106.0,111.0,92.2,90.0,90.0,103.03,122.0764,70.45,8.63,7.54
2012-03-04,167.0,149.0,115.0,142.0,106.0,111.0,92.2,90.0,90.0,103.03,122.0764,70.45,8.63,7.54
2012-03-05,167.0,149.0,115.0,142.0,106.0,111.0,92.2,90.0,90.0,103.03,122.0764,70.45,8.63,7.54
2012-03-06,167.0,149.0,115.0,142.0,106.0,111.0,92.2,90.0,90.0,103.03,122.0764,70.45,8.63,7.54
2012-03-07,167.0,149.0,115.0,142.0,106.0,111.0,92.2,90.0,90.0,103.03,122.0764,70.45,8.63,7.54
2012-03-08,167.0,149.0,115.0,142.0,106.0,111.0,92.2,90.0,90.0,103.03,122.0764,70.45,8.63,7.54
2012-03-09,167.0,149.0,115.0,142.0,106.0,111.0,92.2,90.0,90.0,103.03,122.0764,70.45,8.63,7.54
2012-03-10,167.0,149.0,115.0,142.0,106.0,111.0,92.2,90.0,90.0,103.03,122.0764,70.45,8.63,7.54
2012-03-11,167.0,149.0,115.0,142.0,106.0,111.0,92.2,90.0,90.0,103.03,122.0764,70.45,8.63,7.54
2012-03-12,167.0,149.0,115.0,142.0,106.0,111.0,92.2,90.0,90.0,103.03,122.0764,70.45,8.63,7.54
2012-03-13,167.0,149.0,115.0,142.0,106.0,111.0,92.2,90.0,90.0,103.03,122.0764,70.45,8.63,7.54
2012-03-14,167.0,149.0,115.0,142.0,106.0,111.0,92.2,90.0,90.0,103.03,122.0764,70.45,8.63,7.54
2012-03-15,167.0,149.0,115.0,142.0,106.0,111.0,92.2,90.0,90.0,103.03,122.0764,70.45,8.63,7.54
2012-03-16,167.0,149.0,115.0,142.0,106.0,111.0,92.2,90.0,90.0,103.03,122.0764,70.45,8.63,7.54
2012-03-17,167.0,149.0,115.0,142.0,106.0,111.0,92.2,90.0,90.0,103.03,122.0764,70.45,8.63,7.54
2012-03-18,167.0,149.0,115.0,142.0,106.0,111.0,92.2,90.0,90.0,103.03,122.0764,70.45,8.63,7.54
2012-03-19,167.0,149.0,115.0,142.0,106.0,111.0,92.2,90.0,90.0,103.03,122.0764,70.45,8.63,7.54
2012-03-20,167.0,149.0,115.0,142.0,106.0,111.0,92.2,90.0,90.0,103.03,122.0764,70.45,8.63,7.54
2012-03-21,167.0,149.0,115.0,142.0,106.0,111.0,92.2,90.0,90.0,103.03,122.0764,70.45,8.63,7.54
2012-03-22,167.0,149.0,115.0,142.0,106.0,111.0,92.2,90.0,90.0,103.03,122.0764,70.45,8.63,7.54
2012-03-23,167.0,149.0,115.0,142.0,106.0,111.0,92.2,90.0,90.0,103.03,122.0764,70.45,8.63,7.54
2012-03-24,167.0,149.0,115.0,142.0,106.0,111.0,92.2,90.0,90.0,103.03,122.0764,70.45,8.63,7.54
2012-03-25,167.0,149.0,115.0,142.0,106.0,111.0,92.2,90.0,90.0,103.03,122.0764,70.45,8.63,7.54
2012-03-26,167.0,149.0,115.0,142.0,106.0,111.0,92.2,90.0,90.0,103.03,122.0764,70.45,8.63,7.54
2012-03-27,167.0,149.0,115.0,142.0,106.0,111.0,92.2,90.0,90.0,103.03,122.0764,70.45,8.63,7.54
2012-03-28,167.0,149.0,115.0,142.0,106.0,111.0,92.2,90.0,90.0,103.03,122.0764,70.45,8.63,7.54
2012-03-29,167.0,149.0,115.0,142.0,106.0,111.0,92.2,90.0,90.0,103.03,122.0764,70.45,8.63,7.54
2012-03-30,167.0,149.0,115.0,142.0,106.0,111.0,92.2,90.0,90.0,103.03,122.0764,70.45,8.63,7.54
2012-03-31,167.0,149.0,115.0,142.0,106.0,111.0,92.2,90.0,90.0,103.03,122.0764,70.45,8.63,7.54
2012-04-01,167.0,149.0,115.0,142.0,106.0,111.0,92.2,90.0,90.0,104.89,122.0764,70.45,8.63,7.54
2012-04-02,167.0,149.0,115.0,142.0,106.0,111.0,92.2,90.0,90.0,104.89,122.0764,70.45,8.63,7.54
2012-04-03,167.0,149.0,115.0,142.0,106.0,111.0,92.2,90.0,90.0,104.89,122.0764,70.45,8.63,7.54
2012-04-04,167.0,149.0,115.0,142.0,106.0,111.0,92.2,90.0,90.0,104.89,126.6993,70.45,8.63,7.54
2012-04-05,167.0,149.0,115.0,142.0,106.0,111.0,92.2,90.0,90.0,104.89,126.6993,70.45,8.63,7.54
2012-04-06,167.0,149.0,115.0,142.0,106.0,111.0,92.2,90.0,90.0,104.89,126.6993,70.45,8.63,7.54
2012-04-07,167.0,149.0,115.0,142.0,106.0,111.0,92.2,90.0,90.0,104.89,126.6993,70.45,8.63,7.54
2012-04-08,167.0,149.0,115.0,142.0,106.0,111.0,92.2,90.0,90.0,104.89,126.6993,70.45,8.63,7.54
2012-04-09,167.0,149.0,115.0,142.0,106.0,111.0,92.2,90.0,90.0,104.89,126.6993,70.45,8.63,7.54
2012-04-10,167.0,149.0,115.0,142.0,106.0,111.0,92.2,90.0,90.0,104.89,126.6993,70.45,8.63,7.54
2012-04-11,167.0,149.0,115.0,142.0,106.0,111.0,92.2,90.0,90.0,104.89,126.6993,70.45,8.63,7.54
2012-04-12,167.0,149.0,115.0,142.0,106.0,111.0,92.2,90.0,90.0,104.89,126.6993,70.45,8.63,7.54
2012-04-13,167.0,149.0,115.0,142.0,106.0,111.0,92.2,90.0,90.0,104.89,126.6993,70.45,8.63,7.54
2012-04-14,167.0,149.0,115.0,142.0,106.0,111.0,92.2,90.0,90.0,104.89,126.6993,70.45,8.63,7.54
2012-04-15,167.0,149.0,115.0,142.0,106.0,111.0,92.2,90.0,90.0,104.89,126.6993,70.45,8.63,7.54
2012-04-16,167.0,149.0,115.0,142.0,106.0,111.0,92.2,90.0,90.0,104.89,126.6993,70.45,8.63,7.54
2012-04-17,167.0,149.0,115.0,142.0,106.0,111.0,92.2,90.0,90.0,104.89,126.6993,70.45,8.63,7.54
2012-04-18,167.0,149.0,115.0,142.0,106.0,111.0,92.2,90.0,90.0,104.89,126.6993,70.45,8.63,7.54
2012-04-19,167.0,149.0,115.0,142.0,106.0,111.0,92.2,90.0,90.0,104.89,126.6993,70.45,8.63,7.54
2012-04-20,167.0,149.0,115.0,142.0,106.0,111.0,92.2,90.0,90.0,104.89,126.6993,70.45,8.63,7.54
2012-04-21,167.0,149.0,115.0,142.0,106.0,111.0,92.2,90.0,90.0,104.89,126.6993,70.45,8.63,7.54
2012-04-22,167.0,149.0,115.0,142.0,106.0,111.0,92.2,90.0,90.0,104.89,126.6993,70.45,8.63,7.54
2012-04-23,167.0,149.0,115.0,142.0,106.0,111.0,92.2,90.0,90.0,104.89,126.6993,70.45,8.63,7.54
2012-04-24,167.0,149.0,115.0,142.0,106.0,111.0,92.2,90.0,90.0,104.89,126.6993,70.45,8.63,7.54
2012-04-25,167.0,149.0,115.0,142.0,106.0,111.0,92.2,90.0,90.0,104.89,126.6993,70.45,8.63,7.54
2012-04-26,167.0,149.0,115.0,142.0,106.0,111.0,92.2,90.0,90.0,104.89,126.6993,70.45,8.63,7.54
2012-04-27,167.0,149.0,115.0,142.0,106.0,111.0,92.2,90.0,90.0,104.89,126.6993,70.45,8.63,7.54
2012-04-28,167.0,149.0,115.0,142.0,106.0,111.0,92.2,90.0,90.0,104.89,126.6993,70.45,8.63,7.54
2012-04-29,167.0,149.0,115.0,142.0,106.0,111.0,92.2,90.0,90.0,104.89,126.6993,70.45,8.63,7.54
2012-04-30,167.0,149.0,115.0,142.0,106.0,111.0,92.2,90.0,90.0,104.89,126.6993,70.45,8.63,7.54
2012-05-01,167.0,149.0,115.0,142.0,106.0,111.0,92.2,90.0,90.0,86.52,126.6993,70.45,8.63,7.54
2012-05-02,167.0,149.0,115.0,142.0,106.0,111.0,92.2,90.0,90.0,86.52,126.6993,70.45,8.63,7.54
2012-05-03,167.0,149.0,115.0,142.0,106.0,111.0,92.2,90.0,90.0,86.52,126.6993,70.45,8.63,7.54
2012-05-04,167.0,149.0,115.0,142.0,106.0,111.0,92.2,90.0,90.0,86.52,126.6993,70.45,8.63,7.54
2012-05-05,167.0,149.0,115.0,142.0,106.0,111.0,92.2,90.0,90.0,86.52,126.6993,70.45,8.63,7.54
2012-05-06,167.0,149.0,115.0,142.0,106.0,111.0,92.2,90.0,90.0,86.52,126.6993,70.45,8.63,7.54
2012-05-07,167.0,149.0,115.0,142.0,106.0,111.0,92.2,90.0,90.0,86.52,126.6993,70.45,8.63,7.54
2012-05-08,167.0,149.0,115.0,142.0,106.0,111.0,92.2,90.0,90.0,86.52,126.6993,70.45,8.63,7.54
2012-05-09,167.0,149.0,115.0,142.0,106.0,111.0,92.2,90.0,90.0,86.52,126.6993,70.45,8.63,7.54
2012-05-10,167.0,149.0,115.0,142.0,106.0,111.0,92.2,90.0,90.0,86.52,126.6993,70.45,8.63,7.54
2012-05-11,167.0,149.0,115.0,142.0,106.0,111.0,92.2,90.0,90.0,86.52,126.6993,70.45,8.63,7.54
2012-05-12,167.0,149.0,115.0,142.0,106.0,111.0,92.2,90.0,90.0,86.52,126.6993,70.45,8.63,7.54
2012-05-13,167.0,149.0,115.0,142.0,106.0,111.0,92.2,90.0,90.0,86.52,126.6993,70.45,8.63,7.54
2012-05-14,167.0,149.0,115.0,142.0,106.0,111.0,92.2,90.0,90.0,86.52,126.6993,70.45,8.63,7.54
2012-05-15,167.0,149.0,115.0,142.0,106.0,111.0,92.2,90.0,90.0,86.52,126.6993,70.45,8.63,7.54
2012-05-16,167.0,149.0,115.0,142.0,106.0,111.0,92.2,90.0,90.0,86.52,126.6993,70.45,8.63,7.54
2012-05-17,167.0,149.0,115.0,142.0,106.0,111.0,92.2,90.0,90.0,86.52,126.6993,70.45,8.63,7.54
2012-05-18,167.0,149.0,115.0,142.0,106.0,111.0,92.2,90.0,90.0,86.52,126.6993,70.45,8.63,7.54
2012-05-19,167.0,149.0,115.0,142.0,106.0,111.0,92.2,90.0,90.0,86.52,126.6993,70.45,8.63,7.54
2012-05-20,167.0,149.0,115.0,142.0,106.0,111.0,92.2,90.0,90.0,86.52,126.6993,70.45,8.63,7.54
2012-05-21,167.0,149.0,115.0,142.0,106.0,111.0,92.2,90.0,90.0,86.52,126.6993,70.45,8.63,7.54
2012-05-22,167.0,149.0,115.0,142.0,106.0,111.0,92.2,90.0,90.0,86.52,126.6993,70.45,8.63,7.54
2012-05-23,167.0,149.0,115.0,142.0,106.0,111.0,92.2,90.0,90.0,86.52,126.6993,70.45,8.63,7.54
2012-05-24,167.0,149.0,115.0,142.0,106.0,111.0,92.2,90.0,90.0,86.52,126.6993,70.45,8.63,7.54
2012-05-25,167.0,149.0,115.0,142.0,106.0,111.0,92.2,90.0,90.0,86.52,126.6993,70.45,8.63,7.54
2012-05-26,167.0,149.0,115.0,142.0,106.0,111.0,92.2,90.0,90.0,86.52,126.6993,70.45,8.63,7.54
2012-05-27,167.0,149.0,115.0,142.0,106.0,111.0,92.2,90.0,90.0,86.52,126.6993,70.45,8.63,7.54
2012-05-28,167.0,149.0,115.0,142.0,106.0,111.0,92.2,90.0,90.0,86.52,126.6993,70.45,8.63,7.54
2012-05-29,167.0,149.0,115.0,142.0,106.0,111.0,92.2,90.0,90.0,86.52,126.6993,70.45,8.63,7.54
2012-05-30,167.0,149.0,115.0,142.0,106.0,111.0,92.2,90.0,90.0,86.52,126.6993,70.45,8.63,7.54
2012-05-31,167.0,149.0,115.0,142.0,106.0,111.0,92.2,90.0,90.0,86.52,126.6993,70.45,8.63,7.54
2012-06-01,167.0,149.0,115.0,142.0,106.0,111.0,92.2,90.0,90.0,85.04,126.6993,70.45,8.63,7.54
2012-06-02,167.0,149.0,115.0,142.0,106.0,111.0,92.2,90.0,90.0,85.04,126.6993,70.45,8.63,7.54
2012-06-03,167.0,149.0,115.0,142.0,106.0,111.0,92.2,90.0,90.0,85.04,126.6993,70.45,8.63,7.54
2012-06-04,167.0,149.0,115.0,142.0,106.0,111.0,92.2,90.0,90.0,85.04,126.6993,70.45,8.63,7.54
2012-06-05,167.0,149.0,115.0,142.0,106.0,111.0,92.2,90.0,90.0,85.04,126.6993,70.45,8.63,7.54
2012-06-06,167.0,149.0,115.0,142.0,106.0,111.0,92.2,90.0,90.0,85.04,126.6993,70.45,8.63,7.54
2012-06-07,167.0,149.0,115.0,142.0,106.0,111.0,92.2,90.0,90.0,85.04,126.6993,70.45,8.63,7.54
2012-06-08,167.0,149.0,115.0,142.0,106.0,111.0,92.2,90.0,90.0,85.04,130.1486,70.45,8.63,7.54
2012-06-09,167.0,149.0,115.0,142.0,106.0,111.0,92.2,90.0,90.0,85.04,130.1486,70.45,8.63,7.54
2012-06-10,167.0,149.0,115.0,142.0,106.0,111.0,92.2,90.0,90.0,85.04,130.1486,70.45,8.63,7.54
2012-06-11,167.0,149.0,115.0,142.0,106.0,111.0,92.2,90.0,90.0,85.04,130.3868,70.45,8.63,7.54
2012-06-12,167.0,149.0,115.0,142.0,106.0,111.0,92.2,90.0,90.0,85.04,130.3868,70.45,8.63,7.54
2012-06-13,167.0,149.0,115.0,142.0,106.0,111.0,92.2,90.0,90.0,85.04,132.3251,70.45,8.63,7.54
2012-06-14,167.0,149.0,115.0,142.0,106.0,111.0,92.2,90.0,90.0,85.04,132.3251,70.45,8.63,7.54
2012-06-15,167.0,149.0,115.0,142.0,106.0,111.0,92.2,90.0,90.0,85.04,132.0539,70.45,8.63,7.54
2012-06-16,167.0,149.0,115.0,142.0,106.0,111.0,92.2,90.0,90.0,85.04,132.0539,70.45,8.63,7.54
2012-06-17,167.0,149.0,115.0,142.0,106.0,111.0,92.2,90.0,90.0,85.04,132.0539,70.45,8.63,7.54
2012-06-18,167.0,149.0,115.0,142.0,106.0,111.0,92.2,90.0,90.0,85.04,131.7936,70.45,8.63,7.54
2012-06-19,167.0,149.0,115.0,142.0,106.0,111.0,92.2,90.0,90.0,85.04,131.7936,70.45,8.63,7.54
2012-06-20,167.0,149.0,115.0,142.0,106.0,111.0,92.2,90.0,90.0,85.04,132.4807,70.45,8.63,7.54
2012-06-21,167.0,149.0,115.0,142.0,106.0,111.0,92.2,90.0,90.0,85.04,132.4807,70.45,8.63,7.54
2012-06-22,167.0,149.0,115.0,142.0,106.0,111.0,92.2,90.0,90.0,85.04,132.8614,70.45,8.63,7.54
2012-06-23,167.0,149.0,115.0,142.0,106.0,111.0,92.2,90.0,90.0,85.04,132.8614,70.45,8.63,7.54
2012-06-24,167.0,149.0,115.0,142.0,106.0,111.0,92.2,90.0,90.0,85.04,132.8614,70.45,8.63,7.54
2012-06-25,167.0,149.0,115.0,142.0,106.0,111.0,92.2,90.0,90.0,85.04,132.8667,70.45,8.63,7.54
2012-06-26,167.0,149.0,115.0,142.0,106.0,111.0,92.2,90.0,90.0,85.04,132.8667,70.45,8.63,7.54
2012-06-27,167.0,149.0,115.0,142.0,106.0,111.0,92.2,90.0,90.0,85.04,133.1261,70.45,8.63,7.54
2012-06-28,167.0,149.0,115.0,142.0,106.0,111.0,92.2,90.0,90.0,85.04,133.1261,70.45,8.63,7.54
2012-06-29,167.0,149.0,115.0,142.0,106.0,111.0,92.2,90.0,90.0,85.04,133.3044,70.45,8.63,7.54
2012-06-30,167.0,149.0,115.0,142.0,106.0,111.0,92.2,90.0,90.0,85.04,133.3044,70.45,8.63,7.54
2012-07-01,167.0,149.0,115.0,142.0,106.0,111.0,92.2,90.0,90.0,88.08,133.3044,70.45,8.63,7.54
2012-07-02,167.0,149.0,115.0,142.0,106.0,111.0,92.2,90.0,90.0,88.08,133.749,70.45,8.63,7.54
2012-07-03,167.0,149.0,115.0,142.0,106.0,111.0,92.2,90.0,90.0,88.08,133.749,70.45,8.63,7.54
2012-07-04,167.0,149.0,115.0,142.0,106.0,111.0,92.2,90.0,90.0,88.08,133.749,70.45,8.63,7.54
2012-07-05,167.0,149.0,115.0,142.0,106.0,111.0,92.2,90.0,90.0,88.08,133.749,70.45,8.63,7.54
2012-07-06,167.0,149.0,115.0,142.0,106.0,111.0,92.2,90.0,90.0,88.08,133.6876,70.45,8.63,7.54
2012-07-07,167.0,149.0,115.0,142.0,106.0,111.0,92.2,90.0,90.0,88.08,133.6876,70.45,8.63,7.54
2012-07-08,167.0,149.0,115.0,142.0,106.0,111.0,92.2,90.0,90.0,88.08,133.6876,70.45,8.63,7.54
2012-07-09,167.0,149.0,115.0,142.0,106.0,111.0,92.2,90.0,90.0,88.08,133.6876,70.45,8.63,7.54
2012-07-10,167.0,149.0,115.0,142.0,106.0,111.0,92.2,90.0,90.0,88.08,133.4704,70.45,8.63,7.54
2012-07-11,167.0,149.0,115.0,142.0,106.0,111.0,92.2,90.0,90.0,88.08,133.4704,70.45,8.63,7.54
2012-07-12,167.0,149.0,115.0,142.0,106.0,111.0,92.2,90.0,90.0,88.08,133.4704,70.45,8.63,7.54
2012-07-13,167.0,149.0,115.0,142.0,106.0,111.0,92.2,90.0,90.0,88.08,133.4704,70.45,8.63,7.54
2012-07-14,167.0,149.0,115.0,142.0,106.0,111.0,92.2,90.0,90.0,88.08,133.4704,70.45,8.63,7.54
2012-07-15,167.0,149.0,115.0,142.0,106.0,111.0,92.2,90.0,90.0,88.08,133.4704,70.45,8.63,7.54
2012-07-16,167.0,149.0,115.0,142.0,106.0,111.0,92.2,90.0,90.0,88.08,133.4704,70.45,8.63,7.54
2012-07-17,167.0,149.0,115.0,142.0,106.0,111.0,92.2,90.0,90.0,88.08,133.4704,70.45,8.63,7.54
2012-07-18,167.0,149.0,115.0,142.0,106.0,111.0,92.2,90.0,90.0,88.08,133.4704,70.45,8.63,7.54
2012-07-19,167.0,149.0,115.0,142.0,106.0,111.0,92.2,90.0,90.0,88.08,133.4704,70.45,8.63,7.54
2012-07-20,167.0,149.0,115.0,142.0,106.0,111.0,92.2,90.0,90.0,88.08,133.4704,70.45,8.63,7.54
2012-07-21,167.0,149.0,115.0,142.0,106.0,111.0,92.2,90.0,90.0,88.08,133.4704,70.45,8.63,7.54
2012-07-22,167.0,149.0,115.0,142.0,106.0,111.0,92.2,90.0,90.0,88.08,133.4704,70.45,8.63,7.54
2012-07-23,167.0,149.0,115.0,142.0,106.0,111.0,92.2,90.0,90.0,88.08,133.4704,70.45,8.63,7.54
2012-07-24,167.0,149.0,115.0,142.0,106.0,111.0,92.2,90.0,90.0,88.08,133.4704,70.45,8.63,7.54
2012-07-25,167.0,149.0,115.0,142.0,106.0,111.0,92.2,90.0,90.0,88.08,133.4704,70.45,8.63,7.54
2012-07-26,167.0,149.0,115.0,142.0,106.0,111.0,92.2,90.0,90.0,88.08,133.4704,70.45,8.63,7.54
2012-07-27,167.0,149.0,115.0,142.0,106.0,111.0,92.2,90.0,90.0,88.08,133.4704,70.45,8.63,7.54
2012-07-28,167.0,149.0,115.0,142.0,106.0,111.0,92.2,90.0,90.0,88.08,133.4704,70.45,8.63,7.54
2012-07-29,167.0,149.0,115.0,142.0,106.0,111.0,92.2,90.0,90.0,88.08,133.4704,70.45,8.63,7.54
2012-07-30,167.0,149.0,115.0,142.0,106.0,111.0,92.2,90.0,90.0,88.08,133.4704,70.45,8.63,7.54
2012-07-31,167.0,149.0,115.0,142.0,106.0,111.0,92.2,90.0,90.0,88.08,133.4704,70.45,8.63,7.54
2012-08-01,167.0,149.0,115.0,142.0,106.0,111.0,92.2,90.0,90.0,96.47,133.4704,70.45,8.63,7.54
2012-08-02,167.0,149.0,115.0,142.0,106.0,111.0,92.2,90.0,90.0,96.47,133.4704,70.45,8.63,7.54
2012-08-03,167.0,149.0,115.0,142.0,106.0,111.0,92.2,90.0,90.0,96.47,133.4704,70.45,8.63,7.54
2012-08-04,167.0,149.0,115.0,142.0,106.0,111.0,92.2,90.0,90.0,96.47,133.4704,70.45,8.63,7.54
2012-08-05,167.0,149.0,115.0,142.0,106.0,111.0,92.2,90.0,90.0,96.47,133.4704,70.45,8.63,7.54
2012-08-06,167.0,149.0,115.0,142.0,106.0,111.0,92.2,90.0,90.0,96.47,133.4704,70.45,8.63,7.54
2012-08-07,167.0,149.0,115.0,142.0,106.0,111.0,92.2,90.0,90.0,96.47,133.4704,70.45,8.63,7.54
2012-08-08,167.0,149.0,115.0,142.0,106.0,111.0,92.2,90.0,90.0,96.47,133.4704,70.45,8.63,7.54
2012-08-09,167.0,149.0,115.0,142.0,106.0,111.0,92.2,90.0,90.0,96.47,133.4704,70.45,8.63,7.54
2012-08-10,167.0,149.0,115.0,142.0,106.0,111.0,92.2,90.0,90.0,96.47,133.4704,70.45,8.63,7.54
2012-08-11,167.0,149.0,115.0,142.0,106.0,111.0,92.2,90.0,90.0,96.47,133.4704,70.45,8.63,7.54
2012-08-12,167.0,149.0,115.0,142.0,106.0,111.0,92.2,90.0,90.0,96.47,133.4704,70.45,8.63,7.54
2012-08-13,167.0,149.0,115.0,142.0,106.0,111.0,92.2,90.0,90.0,96.47,133.4704,70.45,8.63,7.54
2012-08-14,167.0,149.0,115.0,142.0,106.0,111.0,92.2,90.0,90.0,96.47,133.4704,70.45,8.63,7.54
2012-08-15,167.0,149.0,115.0,142.0,106.0,111.0,92.2,90.0,90.0,96.47,133.4704,70.45,8.63,7.54
2012-08-16,167.0,149.0,115.0,142.0,106.0,111.0,92.2,90.0,90.0,96.47,133.4704,70.45,8.63,7.54
2012-08-17,167.0,149.0,115.0,142.0,106.0,111.0,92.2,90.0,90.0,96.47,133.4704,70.45,8.63,7.54
2012-08-18,167.0,149.0,115.0,142.0,106.0,111.0,92.2,90.0,90.0,96.47,133.4704,70.45,8.63,7.54
2012-08-19,167.0,149.0,115.0,142.0,106.0,111.0,92.2,90.0,90.0,96.47,133.4704,70.45,8.63,7.54
2012-08-20,167.0,149.0,115.0,142.0,106.0,111.0,92.2,90.0,90.0,96.47,133.4704,70.45,8.63,7.54
2012-08-21,167.0,149.0,115.0,142.0,106.0,111.0,92.2,90.0,90.0,96.47,133.4704,70.45,8.63,7.54
2012-08-22,167.0,149.0,115.0,142.0,106.0,111.0,92.2,90.0,90.0,96.47,133.4704,70.45,8.63,7.54
2012-08-23,167.0,149.0,115.0,142.0,106.0,111.0,92.2,90.0,90.0,96.47,133.4704,70.45,8.63,7.54
2012-08-24,167.0,149.0,115.0,142.0,106.0,111.0,92.2,90.0,90.0,96.47,133.4704,70.45,8.63,7.54
2012-08-25,167.0,149.0,115.0,142.0,106.0,111.0,92.2,90.0,90.0,96.47,133.4704,70.45,8.63,7.54
2012-08-26,167.0,149.0,115.0,142.0,106.0,111.0,92.2,90.0,90.0,96.47,133.4704,70.45,8.63,7.54
2012-08-27,167.0,149.0,115.0,142.0,106.0,111.0,92.2,90.0,90.0,96.47,133.4704,70.45,8.63,7.54
2012-08-28,167.0,149.0,115.0,142.0,106.0,111.0,92.2,90.0,90.0,96.47,133.4704,70.45,8.63,7.54
2012-08-29,167.0,149.0,115.0,142.0,106.0,111.0,92.2,90.0,90.0,96.47,133.4704,70.45,8.63,7.54
2012-08-30,167.0,149.0,115.0,142.0,106.0,111.0,92.2,90.0,90.0,96.47,133.4704,70.45,8.63,7.54
2012-08-31,167.0,149.0,115.0,142.0,106.0,111.0,92.2,90.0,90.0,96.47,133.4704,70.45,8.63,7.54
2012-09-01,167.0,149.0,115.0,142.0,106.0,111.0,92.2,90.0,90.0,92.18,133.4704,70.45,8.63,7.54
2012-09-02,167.0,149.0,115.0,142.0,106.0,111.0,92.2,90.0,90.0,92.18,133.4704,70.45,8.63,7.54
2012-09-03,167.0,149.0,115.0,142.0,106.0,111.0,92.2,90.0,90.0,92.18,133.4704,70.45,8.63,7.54
2012-09-04,167.0,149.0,115.0,142.0,106.0,111.0,92.2,90.0,90.0,92.18,133.4704,70.45,8.63,7.54
2012-09-05,167.0,149.0,115.0,142.0,106.0,111.0,92.2,90.0,90.0,92.18,133.4704,70.45,8.63,7.54
2012-09-06,167.0,149.0,115.0,142.0,106.0,111.0,92.2,90.0,90.0,92.18,132.2999,70.45,8.63,7.54
2012-09-07,167.0,149.0,115.0,142.0,106.0,111.0,92.2,90.0,90.0,92.18,132.3629,70.45,8.63,7.54
2012-09-08,167.0,149.0,115.0,142.0,106.0,111.0,92.2,90.0,90.0,92.18,132.3629,70.45,8.63,7.54
2012-09-09,167.0,149.0,115.0,142.0,106.0,111.0,92.2,90.0,90.0,92.18,132.3629,70.45,8.63,7.54
2012-09-10,167.0,149.0,115.0,142.0,106.0,111.0,92.2,90.0,90.0,92.18,132.3629,70.45,8.63,7.54
2012-09-11,167.0,149.0,115.0,142.0,106.0,111.0,92.2,90.0,90.0,92.18,132.294,70.45,8.63,7.54
2012-09-12,167.0,149.0,115.0,142.0,106.0,111.0,92.2,90.0,90.0,92.18,132.2466,70.45,8.63,7.54
2012-09-13,167.0,149.0,115.0,142.0,106.0,111.0,92.2,90.0,90.0,92.18,131.9484,70.45,8.63,7.54
2012-09-14,167.0,149.0,115.0,142.0,106.0,111.0,92.2,90.0,90.0,92.18,131.7911,70.45,8.63,7.54
2012-09-15,167.0,149.0,115.0,142.0,106.0,111.0,92.2,90.0,90.0,92.18,131.7911,70.45,8.63,7.54
2012-09-16,167.0,149.0,115.0,142.0,106.0,111.0,92.2,90.0,90.0,92.18,131.7911,70.45,8.63,7.54
2012-09-17,167.0,149.0,115.0,142.0,106.0,111.0,92.2,90.0,90.0,92.18,132.1385,70.45,8.63,7.54
2012-09-18,167.0,149.0,115.0,142.0,106.0,111.0,92.2,90.0,90.0,92.18,132.003,70.45,8.63,7.54
2012-09-19,167.0,149.0,115.0,142.0,106.0,111.0,92.2,90.0,90.0,92.18,132.0422,70.45,8.63,7.54
2012-09-20,167.0,149.0,115.0,142.0,106.0,111.0,92.2,90.0,90.0,92.18,131.5943,70.45,8.63,7.54
2012-09-21,167.0,149.0,115.0,142.0,106.0,111.0,92.2,90.0,90.0,92.18,131.4845,70.45,8.63,7.54
2012-09-22,167.0,149.0,115.0,142.0,106.0,111.0,92.2,90.0,90.0,92.18,131.4845,70.45,8.63,7.54
2012-09-23,167.0,149.0,115.0,142.0,106.0,111.0,92.2,90.0,90.0,92.18,131.4845,70.45,8.63,7.54
2012-09-24,167.0,149.0,115.0,142.0,106.0,111.0,92.2,90.0,90.0,92.18,131.4135,70.45,8.63,7.54
2012-09-25,167.0,149.0,115.0,142.0,106.0,111.0,92.2,90.0,90.0,92.18,131.1501,70.45,8.63,7.54
2012-09-26,167.0,149.0,115.0,142.0,106.0,111.0,92.2,90.0,90.0,92.18,130.9657,70.45,8.63,7.54
